"Item Code",Location,Customer,"Order Number","Line Number","Order Date","Order Quantity","Requested Date","Outstanding Quantity"
ECS01R,3,"Whole Foods, Inc - PARENT : Whole Foods -MLV - Mill Valley",124328,1,2017/05/10,36,2017/10/27,5
RKTB-1039,3,"Amazon.com -   Toys",126231,19,2017/07/30,12,2017/10/23,0
RKTR-1040,3,"Amazon.com -   Toys",126231,20,2017/07/30,24,2017/10/23,0
DCM1-1243,3,"Thinker Toys California",126978,1,2017/08/23,4,2017/10/16,4
DFM1-1244,3,"Thinker Toys California",126978,3,2017/08/23,4,2017/10/16,4
DMM1-1242,3,"Thinker Toys California",126978,5,2017/08/23,4,2017/10/16,4
DMT1-1245,3,"Thinker Toys California",126978,7,2017/08/23,4,2017/10/16,4
DRM1-1246,3,"Thinker Toys California",126978,9,2017/08/23,4,2017/10/16,4
"OLD DO NOT USE - DS4A-1241",3,"Thinker Toys California",126978,11,2017/08/23,6,2017/10/16,6
DMT1-1245,3,"Read Me a Story - WA",127085,1,2017/08/28,4,2017/11/08,4
DFM1-1244,3,"Children's Museum of Indianapolis",127442,3,2017/09/14,4,2170/10/16,4
DRM1-1246,3,"Children's Museum of Indianapolis",127442,5,2017/09/14,4,2170/10/16,4
PBTA-1049,3,"Pottery Barn Kids",128044,1,2017/10/05,282,2018/02/25,0
PBTA-1049,3,"Pottery Barn Kids",128045,1,2017/10/05,282,2018/02/25,0
PBTA-1049,3,"Pottery Barn Kids",128046,1,2017/10/05,624,2018/02/25,0
PBTA-1049,3,"Pottery Barn Kids",128047,1,2017/10/05,318,2018/02/25,0
DSH01R,3,"Selegiochi SRL",128228,1,2017/10/12,234,2018/01/25,0
DTK01R,3,"Selegiochi SRL",128228,13,2017/10/12,78,2018/01/25,0
TEA01R,3,"Selegiochi SRL",128228,14,2017/10/12,150,2018/01/25,0
TUG01R-A,3,"Selegiochi SRL",128228,28,2017/10/12,666,2018/01/25,0
SEAY-1030,3,"Selegiochi SRL",128228,29,2017/10/12,858,2018/01/25,0
SUBB-1032,3,"Selegiochi SRL",128228,30,2017/10/12,712,2018/01/25,0
FRBA-1038,3,"Selegiochi SRL",128228,31,2017/10/12,210,2018/01/25,0
CDPB-1262,3,"Selegiochi SRL",128228,32,2017/10/12,234,2018/01/25,0
CSCO-1106,3,"Selegiochi SRL",128228,33,2017/10/12,396,2018/01/25,0
CMXG-1263,3,"Selegiochi SRL",128228,34,2017/10/12,60,2018/01/25,0
MVT1-1164,3,Droplets.,128436,6,2017/10/18,24,2016/11/02,24
KNTA-1502,3,"Ingram Book Company",128655,1,2017/10/25,12,2017/11/01,0
SEAG-1029,3,"Thrive Market",128981,1,2017/11/06,18,2017/11/07,18
KYBB-1234,3,"Amazon.com -   Toys",129398,1,2017/11/27,54,2017/12/01,0
RKTB-1039,3,"Amazon.com -   Toys",129585,1,2017/12/04,76,2017/12/06,0
BTSA-1105,3,"Wegmans Food Markets",129655,1,2017/12/06,612,2018/02/10,494
DCM1-1243,3,"Wegmans Food Markets",129655,2,2017/12/06,204,2018/02/10,0
DRM1-1246,3,"Wegmans Food Markets",129655,13,2017/12/06,204,2018/02/10,0
CPCK-1152,3,"Wegmans Food Markets",129655,22,2017/12/06,204,2018/02/10,0
WTCG-1111,3,"Wegmans Food Markets",129655,23,2017/12/06,306,2018/02/10,0
FLWA2-1285,3,"Wegmans Food Markets",129655,24,2017/12/06,204,2018/02/10,0
TUG01R-A,3,"Wegmans Food Markets",129655,57,2017/12/06,459,2018/02/10,0
FTK01R,3,"Wegmans Food Markets",129655,58,2017/12/06,306,2018/02/10,0
MVT1-1164,3,"Wegmans Food Markets",129655,59,2017/12/06,1224,2018/02/10,0
TRTO-1042,3,"Wegmans Food Markets",129655,60,2017/12/06,306,2018/02/10,0
AIRR-1026,3,"Walmart Stores, Inc.",129672,1,2017/12/08,8,2017/12/11,0
TBPA-1503,3,"123Stores, Inc. dba Stores 123",129786,1,2017/12/13,6,2017/12/13,2
JGR01R,3,"Amazon.com -   Toys",129805,10,2017/12/18,1164,2017/12/22,360
DSH01R,3,"Amazon.com -   Toys",129805,18,2017/12/18,2688,2017/12/22,0
HELG-1061,3,"Amazon.com -   Toys",129805,34,2017/12/18,1696,2017/12/22,326
HELB-1060,3,"Amazon.com -   Toys",129805,35,2017/12/18,2896,2017/12/22,0
BTS1-1236,3,"Amazon.com -   Toys",129805,50,2017/12/18,1260,2017/12/22,1255
WAGO-1227,3,"Amazon.com -   Toys",129805,52,2017/12/18,2206,2017/12/22,1368
TRTO-1042,3,Anahata,129850,1,2017/12/20,6,2017/12/21,6
DMT1-1245,3,Anahata,129850,2,2017/12/20,8,2017/12/21,0
PFIR-1156,3,"Amazon.com - Japan",129893,46,2017/12/27,10,2017/12/28,5
CMXG-1263,3,"Amazon.com - Japan",129894,37,2017/12/27,3,2017/12/28,0
TRNB-1054,3,"Whole Foods, Inc - PARENT : Whole Foods -PTH - Potrero Hill",129912,1,2018/01/03,6,2018/01/04,6
FLRA-1481,3,"Whole Foods, Inc - PARENT : Whole Foods -PTH - Potrero Hill",129912,2,2018/01/03,6,2018/01/04,6
TRTO-1042,3,"Whole Foods, Inc - PARENT : Whole Foods -PTH - Potrero Hill",129912,3,2018/01/03,6,2018/01/04,6
JPR01R,3,"Amazon.com -   Toys",129917,1,2018/01/03,216,2018/01/05,144
BTS1-1236,3,"Amazon.com -   Toys",129917,39,2018/01/03,172,2018/01/05,172
DRM1-1246,3,"Barnes & Noble",129935,1,2018/01/05,700,2018/02/19,0
DRM1-1246,3,"Barnes & Noble",129936,1,2018/01/05,300,2018/02/26,0
FRBA-1038,3,"Amazon.com -   Toys",129939,1,2018/01/05,5039,2018/01/08,0
TUG01R-Y,3,"Amazon.com -   Toys",129939,2,2018/01/05,2591,2018/01/08,0
KYBB-1234,3,"Amazon.com -   Toys",129939,3,2018/01/05,909,2018/01/08,93
SUBY-1033,3,"Amazon.com -   Toys",129939,18,2018/01/05,721,2018/01/08,0
ARBB-1235,3,"Amazon.com -   Toys",129939,19,2018/01/05,281,2018/01/08,0
PZDT-1161,3,"Amazon.com -   Toys",129939,49,2018/01/05,36,2018/01/08,24
SUBY-1033,3,"Amazon.com -   Toys",129941,1,2018/01/05,7935,2018/01/08,0
STK01R,3,"Amazon.com -   Toys",129941,2,2018/01/05,4735,2018/01/08,0
PFIR-1156,3,"Amazon.com -   Toys",129941,3,2018/01/05,736,2018/01/08,736
ARDP-1136,3,"Amazon.com -   Toys",129941,24,2018/01/05,1049,2018/01/08,0
SEABW-1292,3,"Amazon.com -   Toys",129941,51,2018/01/05,390,2018/01/08,388
CPCK-1152,3,"Amazon.com -   Toys",129941,53,2018/01/05,104,2018/01/08,0
BTSG-1102,3,"Amazon.com -   Toys",129941,54,2018/01/05,156,2018/01/08,22
FTK01R,3,"Amazon.com -   Toys",129941,57,2018/01/05,37,2018/01/08,0
HELB-1060,3,"Amazon.com -   Toys",129941,59,2018/01/05,10,2018/01/08,0
BTS1-1236,3,"Amazon.com -   Toys",129943,2,2018/01/05,72,2018/01/08,72
PFIR-1156,3,"Amazon.com -   Toys",129943,4,2018/01/05,16,2018/01/08,16
BKTN-4340,3,"Amazon.com -   Toys",129944,2,2018/01/05,24,2018/01/08,24
BTSG-1102,3,"Amazon.com -   Toys",129944,3,2018/01/05,12,2018/01/08,12
SSEA-1072,3,"Amazon.com -   Toys",129946,1,2018/01/05,16,2018/01/08,0
BTSG-1102,3,"Amazon.com -   Toys",129958,23,2018/01/08,84,2018/01/12,84
FTK01R,3,"Barnes & Noble",129981,1,2018/01/09,60,2018/02/19,0
FTK01R,3,"Barnes & Noble",129982,1,2018/01/09,24,2018/02/19,0
DS4A-1241,3,"Book Culture",130025,1,2018/01/11,6,2018/02/13,0
DRM1-1246,3,"Book Culture",130025,10,2018/01/11,4,2018/02/13,0
DMT1-1245,3,"Book Culture",130025,20,2018/01/11,4,2018/02/13,0
DCM1-1243,3,"Book Culture",130025,30,2018/01/11,4,2018/02/13,0
CPCK-1152,3,"Book Culture",130025,41,2018/01/11,4,2018/02/13,0
FTK01R,3,"Book Culture",130025,42,2018/01/11,6,2018/02/13,0
RTK01R,3,"Book Culture",130025,43,2018/01/11,6,2018/02/13,0
TUG01R-A,3,"Book Culture",130025,44,2018/01/11,9,2018/02/13,0
CCRB-1237,3,"Book Culture",130025,45,2018/01/11,4,2018/02/13,0
CONR-1240,3,"Book Culture",130025,46,2018/01/11,6,2018/02/13,0
RBH1-1155,3,"Book Culture",130025,47,2018/01/11,4,2018/02/13,0
DTK01R,3,"Book Culture",130025,52,2018/01/11,6,2018/02/13,0
TRTO-1042,3,"Book Culture",130025,53,2018/01/11,6,2018/02/13,0
CHST-1146,3,"Book Culture",130025,54,2018/01/11,1,2018/02/13,0
CHF01R,3,"Amazon.com -   Toys",130113,18,2018/01/16,560,2018/01/19,0
PFRM-1158,3,"Amazon.com -   Toys",130113,63,2018/01/16,108,2018/01/19,0
BTS1-1236,3,"Amazon.com -   Toys",130113,64,2018/01/16,276,2018/01/19,276
SEABW-1292,3,"Amazon.com -   Toys",130113,66,2018/01/16,18,2018/01/19,18
BB3P-1233,3,"Amazon.com- Canada",130115,1,2018/01/16,4,2018/01/19,0
KYBB-1234,3,"Amazon.com- Canada",130115,2,2018/01/16,12,2018/01/19,12
TEA01R,3,"Cukiz Co. Ltd.",130160,1,2018/01/17,402,2018/02/14,0
DSH01R,3,"Cukiz Co. Ltd.",130160,15,2018/01/17,300,2018/02/14,0
DIN01R,3,"Cukiz Co. Ltd.",130160,27,2018/01/17,300,2018/02/14,0
CPCK-1152,3,"Cukiz Co. Ltd.",130160,42,2018/01/17,52,2018/02/14,0
AIRA-1028,3,"Cukiz Co. Ltd.",130160,43,2018/01/17,104,2018/02/14,0
CST3-1209,3,"Cukiz Co. Ltd.",130160,44,2018/01/17,200,2018/02/14,0
DTKP-1010,3,"Cukiz Co. Ltd.",130160,45,2018/01/17,54,2018/02/14,0
FLRA-1481,3,"Cukiz Co. Ltd.",130160,46,2018/01/17,102,2018/02/14,0
FTK01R,3,"Cukiz Co. Ltd.",130160,47,2018/01/17,102,2018/02/14,0
HELB-1060,3,"Cukiz Co. Ltd.",130160,48,2018/01/17,80,2018/02/14,0
RTK01R,3,"Cukiz Co. Ltd.",130160,49,2018/01/17,102,2018/02/14,0
SCHY-1009,3,"Cukiz Co. Ltd.",130160,50,2018/01/17,102,2018/02/14,0
CCRB-1237,3,"Cukiz Co. Ltd.",130160,51,2018/01/17,300,2018/02/14,0
SND01R,3,"Cukiz Co. Ltd.",130160,52,2018/01/17,204,2018/02/14,0
WAGO-1227,3,"Cukiz Co. Ltd.",130160,61,2018/01/17,200,2018/02/14,200
SUBA-1034,3,"Cukiz Co. Ltd.",130160,62,2018/01/17,104,2018/02/14,34
FRBA-1038,3,"Cukiz Co. Ltd.",130160,63,2018/01/17,300,2018/02/14,0
STK01R,3,"Cukiz Co. Ltd.",130160,64,2018/01/17,256,2018/02/14,0
STCA-8586,3,"Cukiz Co. Ltd.",130160,65,2018/01/17,96,2018/02/14,0
SPSA-1036,3,"Cukiz Co. Ltd.",130160,66,2018/01/17,54,2018/02/14,0
PFRM-1158,3,"Cukiz Co. Ltd.",130160,67,2018/01/17,32,2018/02/14,0
CHF01R,3,"Learning Resources Limited",130200,1,2018/01/19,184,2017/11/30,184
RKTB-1039,3,"Amazon.com -   Toys",130238,1,2018/01/22,32,2018/01/24,0
FLWA-1012,3,"Amazon.com -   Toys",130239,17,2018/01/22,2214,2018/01/26,873
BTS1-1236,3,"Amazon.com -   Toys",130239,58,2018/01/22,48,2018/01/26,48
RKTB-1039,3,"Amazon.com -   Toys",130241,1,2018/01/22,28,2018/01/24,0
CCRB-1237,3,"Paper Vision",130263,1,2018/01/22,8,2018/02/13,0
TRNB-1054,3,"Paper Vision",130263,2,2018/01/22,6,2018/02/13,0
TRTO-1042,3,"Paper Vision",130263,3,2018/01/22,6,2018/02/13,0
CSTV-1261,3,"Paper Vision",130263,4,2018/01/22,6,2018/02/13,0
DS4A-1241,3,"Green Toys Inc:Trade Shows",130351,1,2018/01/24,4,2018/01/25,0
DCM1-1243,3,"Green Toys Inc:Trade Shows",130351,10,2018/01/24,3,2018/01/25,0
DFM1-1244,3,"Green Toys Inc:Trade Shows",130351,21,2018/01/24,3,2018/01/25,0
DRM1-1246,3,"Green Toys Inc:Trade Shows",130351,30,2018/01/24,3,2018/01/25,0
DMT1-1245,3,"Green Toys Inc:Trade Shows",130351,39,2018/01/24,3,2018/01/25,0
AIRB-1027,3,"Green Toys Inc:Trade Shows",130351,49,2018/01/24,2,2018/01/25,0
AIRR-1026,3,"Green Toys Inc:Trade Shows",130351,50,2018/01/24,1,2018/01/25,0
CCRB-1237,3,"Green Toys Inc:Trade Shows",130351,51,2018/01/24,4,2018/01/25,0
CHP1-1151,3,"Green Toys Inc:Trade Shows",130351,52,2018/01/24,2,2018/01/25,0
CST3-1209,3,"Green Toys Inc:Trade Shows",130351,62,2018/01/24,1,2018/01/25,0
CDPB-1262,3,"Green Toys Inc:Trade Shows",130351,63,2018/01/24,3,2018/01/25,0
CONR-1240,3,"Green Toys Inc:Trade Shows",130351,64,2018/01/24,3,2018/01/25,0
DTK01R,3,"Green Toys Inc:Trade Shows",130351,65,2018/01/24,2,2018/01/25,0
DTKP-1010,3,"Green Toys Inc:Trade Shows",130351,66,2018/01/24,1,2018/01/25,0
DTKBO-1283,3,"Green Toys Inc:Trade Shows",130351,67,2018/01/24,2,2018/01/25,0
ENGR-1154,3,"Green Toys Inc:Trade Shows",130351,68,2018/01/24,2,2018/01/25,0
FTK01R,3,"Green Toys Inc:Trade Shows",130351,69,2018/01/24,2,2018/01/25,0
CFTP-1199,3,"Green Toys Inc:Trade Shows",130351,70,2018/01/24,2,2018/01/25,0
FLRA-1481,3,"Green Toys Inc:Trade Shows",130351,71,2018/01/24,2,2018/01/25,0
HELG-1061,3,"Green Toys Inc:Trade Shows",130351,72,2018/01/24,2,2018/01/25,2
HELB-1060,3,"Green Toys Inc:Trade Shows",130351,73,2018/01/24,1,2018/01/25,0
MVT1-1164,3,"Green Toys Inc:Trade Shows",130351,74,2018/01/24,24,2018/01/25,0
MVP1-1165,3,"Green Toys Inc:Trade Shows",130351,75,2018/01/24,2,2018/01/25,0
PTRB-1153,3,"Green Toys Inc:Trade Shows",130351,76,2018/01/24,2,2018/01/25,0
RACB-1479,3,"Green Toys Inc:Trade Shows",130351,77,2018/01/24,1,2018/01/25,0
RACP-1480,3,"Green Toys Inc:Trade Shows",130351,78,2018/01/24,1,2018/01/25,0
RACR-1478,3,"Green Toys Inc:Trade Shows",130351,79,2018/01/24,1,2018/01/25,0
RKTR-1040,3,"Green Toys Inc:Trade Shows",130351,80,2018/01/24,1,2018/01/25,0
SCHY-1009,3,"Green Toys Inc:Trade Shows",130351,81,2018/01/24,2,2018/01/25,0
TRNB-1054,3,"Green Toys Inc:Trade Shows",130351,82,2018/01/24,2,2018/01/25,0
TRTP-1137,3,"Green Toys Inc:Trade Shows",130351,83,2018/01/24,2,2018/01/25,0
BTS1-1236,3,"Green Toys Inc:Trade Shows",130351,84,2018/01/24,2,2018/01/25,2
BB3P-1233,3,"Green Toys Inc:Trade Shows",130351,86,2018/01/24,2,2018/01/25,0
KYBB-1234,3,"Green Toys Inc:Trade Shows",130351,87,2018/01/24,2,2018/01/25,2
ARBB-1235,3,"Green Toys Inc:Trade Shows",130351,93,2018/01/24,2,2018/01/25,0
BLKA-1110,3,"Green Toys Inc:Trade Shows",130351,99,2018/01/24,2,2018/01/25,0
KYSA-1037,3,"Green Toys Inc:Trade Shows",130351,100,2018/01/24,2,2018/01/25,0
PZDT-1161,3,"Green Toys Inc:Trade Shows",130351,101,2018/01/24,2,2018/01/25,2
RCEL-1066,3,"Green Toys Inc:Trade Shows",130351,102,2018/01/24,2,2018/01/25,0
SPSA-1036,3,"Green Toys Inc:Trade Shows",130351,103,2018/01/24,2,2018/01/25,0
STCA-8586,3,"Green Toys Inc:Trade Shows",130351,104,2018/01/24,2,2018/01/25,0
KNTA-1502,3,"Green Toys Inc:Trade Shows",130351,105,2018/01/24,2,2018/01/25,0
BTLB-1103,3,"Green Toys Inc:Trade Shows",130351,106,2018/01/24,2,2018/01/25,0
BTRO-1104,3,"Green Toys Inc:Trade Shows",130351,107,2018/01/24,2,2018/01/25,0
FRBA-1038,3,"Green Toys Inc:Trade Shows",130351,108,2018/01/24,2,2018/01/25,0
FRBGW-1290,3,"Green Toys Inc:Trade Shows",130351,109,2018/01/24,2,2018/01/25,0
RBH1-1155,3,"Green Toys Inc:Trade Shows",130351,110,2018/01/24,2,2018/01/25,0
SECO-1064,3,"Green Toys Inc:Trade Shows",130351,115,2018/01/24,2,2018/01/25,0
SECB-1063,3,"Green Toys Inc:Trade Shows",130351,116,2018/01/24,1,2018/01/25,0
SEAG-1029,3,"Green Toys Inc:Trade Shows",130351,117,2018/01/24,2,2018/01/25,0
SEAY-1030,3,"Green Toys Inc:Trade Shows",130351,118,2018/01/24,1,2018/01/25,0
SEABW-1292,3,"Green Toys Inc:Trade Shows",130351,119,2018/01/24,1,2018/01/25,1
SEAWB-1294,3,"Green Toys Inc:Trade Shows",130351,120,2018/01/24,1,2018/01/25,0
SUBB-1032,3,"Green Toys Inc:Trade Shows",130351,121,2018/01/24,1,2018/01/25,0
SUBY-1033,3,"Green Toys Inc:Trade Shows",130351,122,2018/01/24,1,2018/01/25,0
TUG01R-B,3,"Green Toys Inc:Trade Shows",130351,123,2018/01/24,1,2018/01/25,0
TUG01R-R,3,"Green Toys Inc:Trade Shows",130351,124,2018/01/24,1,2018/01/25,0
TUG01R-Y,3,"Green Toys Inc:Trade Shows",130351,125,2018/01/24,1,2018/01/25,0
PFIR-1156,3,"Green Toys Inc:Trade Shows",130351,126,2018/01/24,4,2018/01/25,4
PFRM-1158,3,"Green Toys Inc:Trade Shows",130351,127,2018/01/24,4,2018/01/25,0
PHSE-1239,3,"Green Toys Inc:Trade Shows",130351,128,2018/01/24,4,2018/01/25,0
BKA1-1210,3,"Green Toys Inc:Trade Shows",130351,129,2018/01/24,6,2018/01/25,0
SCBK-1190,3,"Green Toys Inc:Trade Shows",130351,137,2018/01/24,1,2018/01/25,0
BBS1-1238,3,"Green Toys Inc:Trade Shows",130351,143,2018/01/24,2,2018/01/25,0
CHF01R,3,"Green Toys Inc:Trade Shows",130351,144,2018/01/24,1,2018/01/25,0
CPCK-1152,3,"Green Toys Inc:Trade Shows",130351,155,2018/01/24,2,2018/01/25,0
DIN01R,3,"Green Toys Inc:Trade Shows",130351,156,2018/01/24,1,2018/01/25,0
DSH01R,3,"Green Toys Inc:Trade Shows",130351,171,2018/01/24,1,2018/01/25,0
SLDA2-1284,3,"Green Toys Inc:Trade Shows",130351,183,2018/01/24,2,2018/01/25,0
STSA2-1288,3,"Green Toys Inc:Trade Shows",130351,204,2018/01/24,2,2018/01/25,0
STVP-1058,3,"Green Toys Inc:Trade Shows",130351,223,2018/01/24,1,2018/01/25,0
TEA01R,3,"Green Toys Inc:Trade Shows",130351,224,2018/01/24,2,2018/01/25,0
TEAB-1074,3,"Green Toys Inc:Trade Shows",130351,238,2018/01/24,2,2018/01/25,0
FLWA2-1285,3,"Green Toys Inc:Trade Shows",130351,252,2018/01/24,2,2018/01/25,0
TLSB2-1286,3,"Green Toys Inc:Trade Shows",130351,285,2018/01/24,2,2018/01/25,0
TLSP2-1287,3,"Green Toys Inc:Trade Shows",130351,303,2018/01/24,2,2018/01/25,0
ECS01R,3,"Green Toys Inc:Trade Shows",130351,321,2018/01/24,1,2018/01/25,1
JGR01R,3,"Green Toys Inc:Trade Shows",130351,322,2018/01/24,2,2018/01/25,2
JPK01R,3,"Green Toys Inc:Trade Shows",130351,330,2018/01/24,2,2018/01/25,0
SND01R,3,"Green Toys Inc:Trade Shows",130351,338,2018/01/24,1,2018/01/25,0
SNDP-1023,3,"Green Toys Inc:Trade Shows",130351,347,2018/01/24,1,2018/01/25,0
WTCG-1111,3,"Green Toys Inc:Trade Shows",130351,356,2018/01/24,2,2018/01/25,0
CHST-1146,3,"Green Toys Inc:Trade Shows",130351,358,2018/01/24,1,2018/01/25,0
WWAD-2016,3,"Green Toys Inc:Trade Shows",130351,367,2018/01/24,4,2018/01/25,0
FRBA-1038,3,"Barnes & Noble",130352,1,2018/01/24,162,2018/01/31,0
TRNB-1054,3,"Barnes & Noble",130352,2,2018/01/24,24,2018/01/31,24
RACP-1480,3,"Walmart Stores, Inc.",130390,1,2018/01/25,12,2018/02/05,0
FLRA-1481,3,"Walmart Stores, Inc.",130390,2,2018/01/25,6,2018/02/05,0
RBH1-1155,3,"Walmart Stores, Inc.",130390,3,2018/01/25,4,2018/02/05,0
CHP1-1151,3,"Walmart Stores, Inc.",130390,8,2018/01/25,8,2018/02/05,0
STVP-1058,3,"Walmart Stores, Inc.",130390,18,2018/01/25,6,2018/02/05,0
DTKBO-1283,3,"Walmart Stores, Inc.",130390,19,2018/01/25,6,2018/02/05,0
CDPB-1262,3,"Walmart Stores, Inc.",130390,20,2018/01/25,6,2018/02/05,0
CCRB-1237,3,"Curious Child, The",130439,1,2018/01/25,4,2018/01/22,0
DS4A-1241,3,"Curious Child, The",130439,2,2018/01/25,6,2018/01/22,0
DMT1-1245,3,"Curious Child, The",130439,11,2018/01/25,4,2018/01/22,0
AIRA-1028,3,"Curious Child, The",130439,21,2018/01/25,8,2018/01/22,0
CSTV-1261,3,"Curious Child, The",130439,22,2018/01/25,6,2018/01/22,0
HELA-1062,3,"Curious Child, The",130439,23,2018/01/25,8,2018/01/22,0
FRBGW-1290,3,"Curious Child, The",130439,24,2018/01/25,6,2018/01/22,0
STK01R,3,"Curious Child, The",130439,25,2018/01/25,8,2018/01/22,0
TUG01R-A,3,"Curious Child, The",130439,26,2018/01/25,9,2018/01/22,0
STCA-8586,3,"Boing! JP's Toy Shop",130486,18,2018/01/26,8,2018/02/05,0
RKTB-1039,3,"Amazon.com -   Toys",130492,1,2018/01/29,16,2018/01/31,9
PFIR-1156,3,"Amazon.com -   Toys",130493,3,2018/01/29,156,2018/02/02,156
BTS1-1236,3,"Amazon.com -   Toys",130493,5,2018/01/29,744,2018/02/02,744
CHF01R,3,"Learning Resources Limited",130495,1,2018/01/29,80,2018/01/25,80
MVP1-1165,3,"Learning Resources Limited",130495,12,2018/01/29,24,2018/01/25,0
BTRO-1104,3,"Walmart Stores, Inc.",130529,1,2018/01/29,12,2018/01/29,0
TUG01R-A,3,"The Vermont Country Store",130537,1,2018/01/29,18,2018/01/30,0
STPA2-1289,3,"Becker's School Supply",130538,1,2018/01/29,4,2018/02/14,0
CDPB-1262,3,"Learning Resources Limited",130542,1,2018/01/29,18,2018/02/12,18
CHF01R,3,"Learning Resources Limited",130542,2,2018/01/29,48,2018/02/12,0
CMXG-1263,3,"Learning Resources Limited",130542,13,2018/01/29,30,2018/02/12,0
CSCO-1106,3,"Learning Resources Limited",130542,14,2018/01/29,60,2018/02/12,0
DSH01R,3,"Learning Resources Limited",130542,15,2018/01/29,150,2018/02/12,20
DTK01R,3,"Learning Resources Limited",130542,27,2018/01/29,96,2018/02/12,0
FLWA2-1285,3,"Learning Resources Limited",130542,28,2018/01/29,96,2018/02/12,0
FTK01R,3,"Learning Resources Limited",130542,61,2018/01/29,120,2018/02/12,0
KYSA-1037,3,"Learning Resources Limited",130542,62,2018/01/29,48,2018/02/12,0
MVP1-1165,3,"Learning Resources Limited",130542,63,2018/01/29,24,2018/02/12,0
RBH1-1155,3,"Learning Resources Limited",130542,64,2018/01/29,12,2018/02/12,0
RTK01R,3,"Learning Resources Limited",130542,69,2018/01/29,108,2018/02/12,0
SCHY-1009,3,"Learning Resources Limited",130542,70,2018/01/29,60,2018/02/12,0
SEAA-1031,3,"Learning Resources Limited",130542,71,2018/01/29,36,2018/02/12,0
SPSA-1036,3,"Learning Resources Limited",130542,72,2018/01/29,42,2018/02/12,0
STCA-8586,3,"Learning Resources Limited",130542,73,2018/01/29,40,2018/02/12,0
STK01R,3,"Learning Resources Limited",130542,74,2018/01/29,32,2018/02/12,0
TEA01R,3,"Learning Resources Limited",130542,75,2018/01/29,120,2018/02/12,0
TRTO-1042,3,"Learning Resources Limited",130542,89,2018/01/29,90,2018/02/12,0
TUG01R-A,3,"Learning Resources Limited",130542,90,2018/01/29,45,2018/02/12,0
AIRR-1026,3,"Bigjigs Toys Ltd",130544,1,2018/01/29,480,2018/02/14,0
AIRB-1027,3,"Bigjigs Toys Ltd",130544,2,2018/01/29,288,2018/02/14,0
ARBB-1235,3,"Bigjigs Toys Ltd",130544,3,2018/01/29,48,2018/02/14,0
BTLB-1103,3,"Bigjigs Toys Ltd",130544,9,2018/01/29,72,2018/02/14,0
BTRO-1104,3,"Bigjigs Toys Ltd",130544,10,2018/01/29,72,2018/02/14,0
BTRO-1104,3,"Bigjigs Toys Ltd",130544,11,2018/01/29,72,2018/02/14,0
CCRB-1237,3,"Bigjigs Toys Ltd",130544,12,2018/01/29,240,2018/02/14,0
CDPB-1262,3,"Bigjigs Toys Ltd",130544,13,2018/01/29,240,2018/02/14,0
CONR-1240,3,"Bigjigs Toys Ltd",130544,14,2018/01/29,60,2018/02/14,0
CSCO-1106,3,"Bigjigs Toys Ltd",130544,15,2018/01/29,426,2018/02/14,0
DIN01R,3,"Bigjigs Toys Ltd",130544,16,2018/01/29,208,2018/02/14,0
DSH01R,3,"Bigjigs Toys Ltd",130544,31,2018/01/29,504,2018/02/14,504
FTK01R,3,"Bigjigs Toys Ltd",130544,43,2018/01/29,360,2018/02/14,0
HELB-1060,3,"Bigjigs Toys Ltd",130544,44,2018/01/29,240,2018/02/14,0
HELG-1061,3,"Bigjigs Toys Ltd",130544,45,2018/01/29,96,2018/02/14,96
JPK01R,3,"Bigjigs Toys Ltd",130544,46,2018/01/29,72,2018/02/14,0
KNTA-1502,3,"Bigjigs Toys Ltd",130544,54,2018/01/29,144,2018/02/14,0
PHSE-1239,3,"Bigjigs Toys Ltd",130544,55,2018/01/29,40,2018/02/14,0
RACB-1479,3,"Bigjigs Toys Ltd",130544,56,2018/01/29,72,2018/02/14,0
RACR-1478,3,"Bigjigs Toys Ltd",130544,57,2018/01/29,144,2018/02/14,0
RBH1-1155,3,"Bigjigs Toys Ltd",130544,58,2018/01/29,168,2018/02/14,0
RKTB-1039,3,"Bigjigs Toys Ltd",130544,63,2018/01/29,120,2018/02/14,120
RTK01R,3,"Bigjigs Toys Ltd",130544,64,2018/01/29,360,2018/02/14,0
SEAG-1029,3,"Bigjigs Toys Ltd",130544,65,2018/01/29,360,2018/02/14,0
SEAY-1030,3,"Bigjigs Toys Ltd",130544,66,2018/01/29,180,2018/02/14,0
SECB-1063,3,"Bigjigs Toys Ltd",130544,67,2018/01/29,360,2018/02/14,0
SPSA-1036,3,"Bigjigs Toys Ltd",130544,68,2018/01/29,72,2018/02/14,0
STCA-8586,3,"Bigjigs Toys Ltd",130544,69,2018/01/29,192,2018/02/14,0
STPA2-1289,3,"Bigjigs Toys Ltd",130544,70,2018/01/29,40,2018/02/14,0
STK01R,3,"Bigjigs Toys Ltd",130544,89,2018/01/29,80,2018/02/14,0
SUBB-1032,3,"Bigjigs Toys Ltd",130544,90,2018/01/29,480,2018/02/14,0
TEA01R,3,"Bigjigs Toys Ltd",130544,91,2018/01/29,360,2018/02/14,0
TEAB-1074,3,"Bigjigs Toys Ltd",130544,105,2018/01/29,180,2018/02/14,0
TRNB-1054,3,"Bigjigs Toys Ltd",130544,119,2018/01/29,72,2018/02/14,0
TRTO-1042,3,"Bigjigs Toys Ltd",130544,120,2018/01/29,360,2018/02/14,0
TUG01R-B,3,"Bigjigs Toys Ltd",130544,121,2018/01/29,540,2018/02/14,0
TUG01R-Y,3,"Bigjigs Toys Ltd",130544,122,2018/01/29,270,2018/02/14,0
WWAD-2016,3,"Bigjigs Toys Ltd",130544,123,2018/01/29,10,2018/02/14,0
TRTO-1042,3,"Excelligence Learning Corporation",130643,1,2018/01/31,24,2018/02/01,24
TRTO-1042,3,"Excelligence Learning Corporation",130700,1,2018/02/01,24,2018/02/01,24
PFIR-1156,3,"Green Toys Inc:Customer",130708,1,2018/02/01,4,2018/01/31,4
TRTO-1042,3,"Learning Resources Limited",130724,1,2018/02/01,72,2018/01/25,0
BTS1-1236,3,"Amazon.com -   Toys",130760,20,2018/02/05,72,2018/02/09,60
STCA-8586,3,"Wintergreen Learning Materials LTD.",130769,1,2018/02/05,24,2018/02/06,0
RTK01R,3,"Wintergreen Learning Materials LTD.",130769,2,2018/02/05,6,2018/02/06,0
DIN01R,3,"Wintergreen Learning Materials LTD.",130769,3,2018/02/05,20,2018/02/06,0
FTK01R,3,"Wintergreen Learning Materials LTD.",130769,18,2018/02/05,12,2018/02/06,0
DTK01R,3,"Wintergreen Learning Materials LTD.",130769,19,2018/02/05,12,2018/02/06,0
DSH01R,3,"Amazon.com - UK",130773,1,2018/02/05,6,2018/02/05,6
DSH01R,3,"Amazon.com - UK",130774,1,2018/02/05,6,2018/02/05,6
DSH01R,3,"Amazon.com - UK",130775,1,2018/02/05,6,2018/02/05,6
DSH01R,3,"Amazon.com - UK",130776,1,2018/02/05,6,2018/02/05,6
DSH01R,3,"Amazon.com - UK",130777,1,2018/02/05,6,2018/02/05,6
DSH01R,3,"Amazon.com - UK",130778,1,2018/02/05,6,2018/02/05,6
DSH01R,3,"Amazon.com - UK",130779,1,2018/02/05,24,2018/02/05,24
DSH01R,3,"Amazon.com - UK",130780,1,2018/02/05,6,2018/02/05,6
DSH01R,3,"Amazon.com - UK",130781,1,2018/02/05,6,2018/02/05,6
DSH01R,3,"Amazon.com - UK",130782,1,2018/02/05,6,2018/02/05,6
TRTO-1042,3,"Excelligence Learning Corporation",130786,1,2018/02/05,30,2018/02/08,30
DPLG-1546,3,"Cukiz Co. Ltd.",130803,1,2018/02/06,120,2018/02/08,0
DPLB-1507,3,"Cukiz Co. Ltd.",130803,2,2018/02/06,248,2018/02/08,0
DS4A-1241,3,"Jack & Maddy A Kids' Store",130838,1,2018/02/06,6,2018/02/13,0
DMM1-1242,3,"Jack & Maddy A Kids' Store",130838,10,2018/02/06,4,2018/02/13,0
DMT1-1245,3,"Jack & Maddy A Kids' Store",130838,22,2018/02/06,4,2018/02/13,0
SECA-1065,3,"Jack & Maddy A Kids' Store",130838,32,2018/02/06,6,2018/02/13,0
RBH1-1155,3,"Jack & Maddy A Kids' Store",130838,33,2018/02/06,4,2018/02/13,0
TRTO-1042,3,"Jack & Maddy A Kids' Store",130838,38,2018/02/06,6,2018/02/13,0
AIRA-1028,3,"Jack & Maddy A Kids' Store",130838,39,2018/02/06,8,2018/02/13,0
CCRB-1237,3,"Jack & Maddy A Kids' Store",130838,40,2018/02/06,4,2018/02/13,0
TEA01R,3,"Jack & Maddy A Kids' Store",130838,41,2018/02/06,6,2018/02/13,0
AIRA-1028,3,"Hodgepodge Toys",130842,1,2018/02/06,8,2018/02/07,0
CCRB-1237,3,"Hodgepodge Toys",130842,2,2018/02/06,4,2018/02/07,0
CONR-1240,3,"Hodgepodge Toys",130842,3,2018/02/06,6,2018/02/07,0
DPLA-1538,3,"Hodgepodge Toys",130842,4,2018/02/06,8,2018/02/07,0
DTK01R,3,"Hodgepodge Toys",130842,5,2018/02/06,6,2018/02/07,0
MVT1-1164,3,"Hodgepodge Toys",130842,6,2018/02/06,24,2018/02/07,0
RACT-1008,3,"Hodgepodge Toys",130842,7,2018/02/06,24,2018/02/07,0
RCSA-1069,3,"Hodgepodge Toys",130842,8,2018/02/06,12,2018/02/07,0
SCHY-1009,3,"Hodgepodge Toys",130842,9,2018/02/06,6,2018/02/07,0
SEAA-1031,3,"Hodgepodge Toys",130842,10,2018/02/06,6,2018/02/07,0
STCA-8586,3,"Hodgepodge Toys",130842,11,2018/02/06,8,2018/02/07,0
STPA2-1289,3,"Hodgepodge Toys",130842,12,2018/02/06,4,2018/02/07,0
TEAB-1074,3,"Hodgepodge Toys",130842,31,2018/02/06,6,2018/02/07,0
TUG01R-B,3,"Hodgepodge Toys",130842,45,2018/02/06,9,2018/02/07,0
TUG01R-R,3,"Hodgepodge Toys",130842,46,2018/02/06,9,2018/02/07,0
TRTO-1042,3,"Fresh Thyme Farmers Market-Parent : Fresh Thyme Farmers Market - Store ID# 906GIN",130843,1,2018/02/06,6,2018/01/23,0
TRTO-1042,3,"Fresh Thyme Farmers Market-Parent : Fresh Thyme Farmers Market - Store ID# 953AME",130844,1,2018/02/06,6,2018/01/30,0
RBH1-1155,3,"Walmart Stores, Inc.",130853,1,2018/02/07,4,2018/02/07,0
CPCK-1152,3,"Walmart Stores, Inc.",130853,6,2018/02/07,4,2018/02/07,0
DTKP-1010,3,"Walmart Stores, Inc.",130854,1,2018/02/07,6,2018/02/07,0
CPCK-1152,3,"Walmart Stores, Inc.",130855,1,2018/02/07,4,2018/02/07,0
CFTP-1199,3,"Walmart Stores, Inc.",130855,2,2018/02/07,6,2018/02/07,0
TRTP-1137,3,"Walmart Stores, Inc.",130855,3,2018/02/07,6,2018/02/07,0
RACR-1478,3,"Walmart Stores, Inc.",130856,1,2018/02/07,24,2018/02/09,0
RACR-1478,3,"Walmart Stores, Inc.",130857,1,2018/02/07,12,2018/02/09,0
RACR-1478,3,"Walmart Stores, Inc.",130858,1,2018/02/07,12,2018/02/09,0
CDPB-1262,3,"Walmart Stores, Inc.",130858,2,2018/02/07,6,2018/02/09,0
RACR-1478,3,"Walmart Stores, Inc.",130859,1,2018/02/07,12,2018/02/09,0
FTK01R,3,"123Stores, Inc. dba Stores 123",130890,1,2018/02/07,180,2018/02/07,0
STCA-8586,3,"123Stores, Inc. dba Stores 123",130890,2,2018/02/07,64,2018/02/07,0
SPSA-1036,3,"123Stores, Inc. dba Stores 123",130890,3,2018/02/07,84,2018/02/07,0
HELB-1060,3,"123Stores, Inc. dba Stores 123",130890,4,2018/02/07,72,2018/02/07,0
SUBY-1033,3,"123Stores, Inc. dba Stores 123",130890,5,2018/02/07,96,2018/02/07,0
SEAY-1030,3,"123Stores, Inc. dba Stores 123",130890,6,2018/02/07,18,2018/02/07,0
WTCG-1111,3,"123Stores, Inc. dba Stores 123",130898,1,2018/02/07,30,2018/02/08,0
AIRR-1026,3,"123Stores, Inc. dba Stores 123",130898,2,2018/02/07,24,2018/02/08,0
RACP-1480,3,"123Stores, Inc. dba Stores 123",130900,1,2018/02/07,12,2018/02/08,0
SECO-1064,3,"123Stores, Inc. dba Stores 123",130901,1,2018/02/07,6,2018/02/08,0
TRTO-1042,3,"Fresh Thyme Farmers Market-Parent : Fresh Thyme Farmers Market-Store ID# 406STP",130923,1,2018/02/08,6,2018/02/09,0
ARDP-1136,3,"TJX Companies : Homegoods (Domestic)",130950,1,2018/02/08,72,2018/02/09,0
RTK01R,3,"TJX Companies : Homegoods (Domestic)",130950,2,2018/02/08,90,2018/02/09,0
TUG01R-R,3,"TJX Companies : Homegoods (Domestic)",130950,3,2018/02/08,90,2018/02/09,0
RBH1-1155,3,"TJX Companies : Homegoods (Domestic)",130950,4,2018/02/08,88,2018/02/09,0
CSCO-1106,3,"TJX Companies : Homegoods (Domestic)",130950,9,2018/02/08,90,2018/02/09,0
SECO-1064,3,"TJX Companies : Homegoods (Domestic)",130950,10,2018/02/08,90,2018/02/09,0
STK01R,3,"TJX Companies : Homegoods (Domestic)",130950,11,2018/02/08,80,2018/02/09,0
TRTP-1137,3,"TJX Companies : Homegoods (Domestic)",130950,12,2018/02/08,78,2018/02/09,0
FLWA2-1285,3,"TJX Companies : Homegoods (Domestic)",130950,13,2018/02/08,52,2018/02/09,0
WTCG-1111,3,"TJX Companies : Homegoods (Domestic)",130950,46,2018/02/08,90,2018/02/09,0
SEAA-1031,3,"TJX Companies : Homegoods (Domestic)",130950,47,2018/02/08,90,2018/02/09,0
SLDA2-1284,3,"TJX Companies : Homegoods (Domestic)",130950,48,2018/02/08,12,2018/02/09,0
BBS1-1238,3,"TJX Companies : Homegoods (Domestic)",130950,69,2018/02/08,8,2018/02/09,0
AIRB-1027,3,"TJX Companies : Homegoods (Domestic)",130950,70,2018/02/08,88,2018/02/09,0
SUBB-1032,3,"TJX Companies : Homegoods (Domestic)",130950,71,2018/02/08,88,2018/02/09,0
TEAB-1074,3,"TJX Companies : Homegoods (Domestic)",130950,72,2018/02/08,6,2018/02/09,0
TUG01R-B,3,"TJX Companies : Homegoods (Domestic)",130950,86,2018/02/08,90,2018/02/09,0
CCRB-1237,3,"TJX Companies : Homegoods (Domestic)",130950,87,2018/02/08,88,2018/02/09,0
CONR-1240,3,"TJX Companies : Homegoods (Domestic)",130950,88,2018/02/08,72,2018/02/09,0
DIN01R,3,"TJX Companies : Homegoods (Domestic)",130950,89,2018/02/08,4,2018/02/09,0
DTKP-1010,3,"TJX Companies : Homegoods (Domestic)",130950,104,2018/02/08,54,2018/02/09,0
DTK01R,3,"TJX Companies : Homegoods (Domestic)",130950,105,2018/02/08,90,2018/02/09,0
DTKBO-1283,3,"TJX Companies : Homegoods (Domestic)",130950,106,2018/02/08,54,2018/02/09,0
DTKT-1278,3,"TJX Companies : Homegoods (Domestic)",130950,107,2018/02/08,84,2018/02/09,0
PFRM-1158,3,"TJX Companies : Homegoods (Domestic)",130950,108,2018/02/08,4,2018/02/09,0
FRBA-1038,3,"TJX Companies : Homegoods (Domestic)",130950,109,2018/02/08,90,2018/02/09,0
SEAG-1029,3,"TJX Companies : Homegoods (Domestic)",130950,110,2018/02/08,90,2018/02/09,0
PHSE-1239,3,"TJX Companies : Homegoods (Domestic)",130950,111,2018/02/08,4,2018/02/09,0
BTLB-1103,3,"TJX Companies : Homegoods (Domestic)",130950,112,2018/02/08,48,2018/02/09,0
CMXG-1263,3,"TJX Companies : Homegoods (Domestic)",130950,113,2018/02/08,90,2018/02/09,0
AIRB-1027,3,"TJX Companies : Homegoods (Domestic)",130952,1,2018/02/08,88,2018/02/20,0
TUG01R-B,3,"TJX Companies : Homegoods (Domestic)",130952,2,2018/02/08,90,2018/02/20,0
CONR-1240,3,"TJX Companies : Homegoods (Domestic)",130952,3,2018/02/08,90,2018/02/20,0
CPCK-1152,3,"TJX Companies : Homegoods (Domestic)",130952,4,2018/02/08,44,2018/02/20,0
DTKT-1278,3,"TJX Companies : Homegoods (Domestic)",130952,5,2018/02/08,90,2018/02/20,0
FRBA-1038,3,"TJX Companies : Homegoods (Domestic)",130952,6,2018/02/08,90,2018/02/20,0
KYBB-1234,3,"TJX Companies : Homegoods (Domestic)",130952,7,2018/02/08,84,2018/02/20,84
FLRA-1481,3,"TJX Companies : Homegoods (Domestic)",130952,13,2018/02/08,90,2018/02/20,90
PTRB-1153,3,"TJX Companies : Homegoods (Domestic)",130952,14,2018/02/08,88,2018/02/20,0
TUG01R-R,3,"TJX Companies : Homegoods (Domestic)",130952,15,2018/02/08,90,2018/02/20,0
RKTB-1039,3,"TJX Companies : Homegoods (Domestic)",130952,16,2018/02/08,88,2018/02/20,88
SCHY-1009,3,"TJX Companies : Homegoods (Domestic)",130952,17,2018/02/08,90,2018/02/20,0
STCA-8586,3,"TJX Companies : Homegoods (Domestic)",130952,18,2018/02/08,88,2018/02/20,88
TRTO-1042,3,"TJX Companies : Homegoods (Domestic)",130952,19,2018/02/08,90,2018/02/20,0
WTCG-1111,3,"TJX Companies : Homegoods (Domestic)",130952,20,2018/02/08,90,2018/02/20,0
TRNB-1054,3,"TJX Companies : Homegoods (Domestic)",130952,21,2018/02/08,90,2018/02/20,0
WAOB-1268,3,"TJX Companies : Homegoods (Domestic)",130952,22,2018/02/08,60,2018/02/20,0
WABO-1269,3,"TJX Companies : Homegoods (Domestic)",130952,23,2018/02/08,60,2018/02/20,0
AIRB-1027,3,"TJX Companies : Homegoods (Domestic)",130953,1,2018/02/08,88,2018/02/20,0
TUG01R-B,3,"TJX Companies : Homegoods (Domestic)",130953,2,2018/02/08,81,2018/02/20,0
CONR-1240,3,"TJX Companies : Homegoods (Domestic)",130953,3,2018/02/08,54,2018/02/20,0
CPCK-1152,3,"TJX Companies : Homegoods (Domestic)",130953,4,2018/02/08,84,2018/02/20,0
DTKT-1278,3,"TJX Companies : Homegoods (Domestic)",130953,5,2018/02/08,84,2018/02/20,0
FRBA-1038,3,"TJX Companies : Homegoods (Domestic)",130953,6,2018/02/08,54,2018/02/20,0
KYBB-1234,3,"TJX Companies : Homegoods (Domestic)",130953,7,2018/02/08,12,2018/02/20,12
FLRA-1481,3,"TJX Companies : Homegoods (Domestic)",130953,13,2018/02/08,54,2018/02/20,31
PTRB-1153,3,"TJX Companies : Homegoods (Domestic)",130953,14,2018/02/08,56,2018/02/20,0
TUG01R-R,3,"TJX Companies : Homegoods (Domestic)",130953,15,2018/02/08,81,2018/02/20,0
RKTB-1039,3,"TJX Companies : Homegoods (Domestic)",130953,16,2018/02/08,56,2018/02/20,56
SCHY-1009,3,"TJX Companies : Homegoods (Domestic)",130953,17,2018/02/08,54,2018/02/20,0
STCA-8586,3,"TJX Companies : Homegoods (Domestic)",130953,18,2018/02/08,80,2018/02/20,80
TRTO-1042,3,"TJX Companies : Homegoods (Domestic)",130953,19,2018/02/08,84,2018/02/20,0
WTCG-1111,3,"TJX Companies : Homegoods (Domestic)",130953,20,2018/02/08,84,2018/02/20,0
TRNB-1054,3,"TJX Companies : Homegoods (Domestic)",130953,21,2018/02/08,84,2018/02/20,0
WAOB-1268,3,"TJX Companies : Homegoods (Domestic)",130953,22,2018/02/08,12,2018/02/20,0
WABO-1269,3,"TJX Companies : Homegoods (Domestic)",130953,23,2018/02/08,12,2018/02/20,0
AIRB-1027,3,"TJX Companies : Homegoods (Domestic)",130954,1,2018/02/08,112,2018/02/20,0
TUG01R-B,3,"TJX Companies : Homegoods (Domestic)",130954,2,2018/02/08,144,2018/02/20,0
CONR-1240,3,"TJX Companies : Homegoods (Domestic)",130954,3,2018/02/08,54,2018/02/20,0
CPCK-1152,3,"TJX Companies : Homegoods (Domestic)",130954,4,2018/02/08,100,2018/02/20,0
DTKT-1278,3,"TJX Companies : Homegoods (Domestic)",130954,5,2018/02/08,114,2018/02/20,0
FRBA-1038,3,"TJX Companies : Homegoods (Domestic)",130954,6,2018/02/08,54,2018/02/20,0
KYBB-1234,3,"TJX Companies : Homegoods (Domestic)",130954,7,2018/02/08,12,2018/02/20,12
FLRA-1481,3,"TJX Companies : Homegoods (Domestic)",130954,13,2018/02/08,54,2018/02/20,0
PTRB-1153,3,"TJX Companies : Homegoods (Domestic)",130954,14,2018/02/08,56,2018/02/20,0
TUG01R-R,3,"TJX Companies : Homegoods (Domestic)",130954,15,2018/02/08,144,2018/02/20,0
RKTB-1039,3,"TJX Companies : Homegoods (Domestic)",130954,16,2018/02/08,56,2018/02/20,56
SCHY-1009,3,"TJX Companies : Homegoods (Domestic)",130954,17,2018/02/08,54,2018/02/20,0
STCA-8586,3,"TJX Companies : Homegoods (Domestic)",130954,18,2018/02/08,48,2018/02/20,47
TRTO-1042,3,"TJX Companies : Homegoods (Domestic)",130954,19,2018/02/08,114,2018/02/20,0
WTCG-1111,3,"TJX Companies : Homegoods (Domestic)",130954,20,2018/02/08,102,2018/02/20,0
TRNB-1054,3,"TJX Companies : Homegoods (Domestic)",130954,21,2018/02/08,96,2018/02/20,0
WAOB-1268,3,"TJX Companies : Homegoods (Domestic)",130954,22,2018/02/08,28,2018/02/20,0
WABO-1269,3,"TJX Companies : Homegoods (Domestic)",130954,23,2018/02/08,28,2018/02/20,0
TUG01R-B,3,"TJX Companies : Homegoods (Domestic)",130955,1,2018/02/08,63,2018/02/20,0
CPCK-1152,3,"TJX Companies : Homegoods (Domestic)",130955,2,2018/02/08,44,2018/02/20,0
TUG01R-R,3,"TJX Companies : Homegoods (Domestic)",130955,3,2018/02/08,63,2018/02/20,0
AIRB-1027,3,"TJX Companies : Homegoods (Domestic)",130956,1,2018/02/08,112,2018/02/20,0
TUG01R-B,3,"TJX Companies : Homegoods (Domestic)",130956,2,2018/02/08,126,2018/02/20,0
CPCK-1152,3,"TJX Companies : Homegoods (Domestic)",130956,3,2018/02/08,228,2018/02/20,0
DTKT-1278,3,"TJX Companies : Homegoods (Domestic)",130956,4,2018/02/08,114,2018/02/20,0
KYBB-1234,3,"TJX Companies : Homegoods (Domestic)",130956,5,2018/02/08,90,2018/02/20,90
TUG01R-R,3,"TJX Companies : Homegoods (Domestic)",130956,11,2018/02/08,126,2018/02/20,0
STCA-8586,3,"TJX Companies : Homegoods (Domestic)",130956,12,2018/02/08,184,2018/02/20,184
TRTO-1042,3,"TJX Companies : Homegoods (Domestic)",130956,13,2018/02/08,114,2018/02/20,0
WTCG-1111,3,"TJX Companies : Homegoods (Domestic)",130956,14,2018/02/08,30,2018/02/20,0
TRNB-1054,3,"TJX Companies : Homegoods (Domestic)",130956,15,2018/02/08,30,2018/02/20,0
ARDP-1136,3,"TJX Companies : Homegoods (Domestic)",130957,1,2018/02/08,16,2018/02/09,0
RTK01R,3,"TJX Companies : Homegoods (Domestic)",130957,2,2018/02/08,18,2018/02/09,0
TUG01R-R,3,"TJX Companies : Homegoods (Domestic)",130957,3,2018/02/08,81,2018/02/09,0
RBH1-1155,3,"TJX Companies : Homegoods (Domestic)",130957,4,2018/02/08,28,2018/02/09,0
CSCO-1106,3,"TJX Companies : Homegoods (Domestic)",130957,9,2018/02/08,18,2018/02/09,0
SECO-1064,3,"TJX Companies : Homegoods (Domestic)",130957,10,2018/02/08,18,2018/02/09,0
STK01R,3,"TJX Companies : Homegoods (Domestic)",130957,11,2018/02/08,8,2018/02/09,0
TRTP-1137,3,"TJX Companies : Homegoods (Domestic)",130957,12,2018/02/08,6,2018/02/09,0
FLWA2-1285,3,"TJX Companies : Homegoods (Domestic)",130957,13,2018/02/08,12,2018/02/09,0
WTCG-1111,3,"TJX Companies : Homegoods (Domestic)",130957,46,2018/02/08,42,2018/02/09,0
SEAA-1031,3,"TJX Companies : Homegoods (Domestic)",130957,47,2018/02/08,18,2018/02/09,0
SLDA2-1284,3,"TJX Companies : Homegoods (Domestic)",130957,48,2018/02/08,12,2018/02/09,0
BBS1-1238,3,"TJX Companies : Homegoods (Domestic)",130957,69,2018/02/08,12,2018/02/09,0
BLKA-1110,3,"TJX Companies : Homegoods (Domestic)",130957,70,2018/02/08,12,2018/02/09,0
AIRB-1027,3,"TJX Companies : Homegoods (Domestic)",130957,71,2018/02/08,24,2018/02/09,0
SUBB-1032,3,"TJX Companies : Homegoods (Domestic)",130957,72,2018/02/08,40,2018/02/09,0
TEAB-1074,3,"TJX Companies : Homegoods (Domestic)",130957,73,2018/02/08,12,2018/02/09,0
TUG01R-B,3,"TJX Companies : Homegoods (Domestic)",130957,87,2018/02/08,81,2018/02/09,0
CCRB-1237,3,"TJX Companies : Homegoods (Domestic)",130957,88,2018/02/08,36,2018/02/09,0
CONR-1240,3,"TJX Companies : Homegoods (Domestic)",130957,89,2018/02/08,18,2018/02/09,0
DIN01R,3,"TJX Companies : Homegoods (Domestic)",130957,90,2018/02/08,8,2018/02/09,0
DTKP-1010,3,"TJX Companies : Homegoods (Domestic)",130957,105,2018/02/08,12,2018/02/09,0
DTK01R,3,"TJX Companies : Homegoods (Domestic)",130957,106,2018/02/08,36,2018/02/09,0
DTKBO-1283,3,"TJX Companies : Homegoods (Domestic)",130957,107,2018/02/08,12,2018/02/09,0
DTKT-1278,3,"TJX Companies : Homegoods (Domestic)",130957,108,2018/02/08,24,2018/02/09,0
PFRM-1158,3,"TJX Companies : Homegoods (Domestic)",130957,109,2018/02/08,8,2018/02/09,0
FRBA-1038,3,"TJX Companies : Homegoods (Domestic)",130957,110,2018/02/08,18,2018/02/09,0
SEAG-1029,3,"TJX Companies : Homegoods (Domestic)",130957,111,2018/02/08,18,2018/02/09,0
PHSE-1239,3,"TJX Companies : Homegoods (Domestic)",130957,112,2018/02/08,4,2018/02/09,0
BTLB-1103,3,"TJX Companies : Homegoods (Domestic)",130957,113,2018/02/08,12,2018/02/09,0
CMXG-1263,3,"TJX Companies : Homegoods (Domestic)",130957,114,2018/02/08,72,2018/02/09,0
ARDP-1136,3,"TJX Companies : Homegoods (Domestic)",130958,1,2018/02/08,32,2018/02/09,0
RTK01R,3,"TJX Companies : Homegoods (Domestic)",130958,2,2018/02/08,48,2018/02/09,0
TUG01R-R,3,"TJX Companies : Homegoods (Domestic)",130958,3,2018/02/08,117,2018/02/09,0
RBH1-1155,3,"TJX Companies : Homegoods (Domestic)",130958,4,2018/02/08,56,2018/02/09,0
CSCO-1106,3,"TJX Companies : Homegoods (Domestic)",130958,9,2018/02/08,48,2018/02/09,0
SECO-1064,3,"TJX Companies : Homegoods (Domestic)",130958,10,2018/02/08,48,2018/02/09,0
STK01R,3,"TJX Companies : Homegoods (Domestic)",130958,11,2018/02/08,24,2018/02/09,0
TRTP-1137,3,"TJX Companies : Homegoods (Domestic)",130958,12,2018/02/08,24,2018/02/09,0
FLWA2-1285,3,"TJX Companies : Homegoods (Domestic)",130958,13,2018/02/08,24,2018/02/09,0
WTCG-1111,3,"TJX Companies : Homegoods (Domestic)",130958,46,2018/02/08,72,2018/02/09,0
SEAA-1031,3,"TJX Companies : Homegoods (Domestic)",130958,47,2018/02/08,48,2018/02/09,0
AIRB-1027,3,"TJX Companies : Homegoods (Domestic)",130958,48,2018/02/08,48,2018/02/09,0
SUBB-1032,3,"TJX Companies : Homegoods (Domestic)",130958,49,2018/02/08,72,2018/02/09,0
TUG01R-B,3,"TJX Companies : Homegoods (Domestic)",130958,50,2018/02/08,117,2018/02/09,0
CCRB-1237,3,"TJX Companies : Homegoods (Domestic)",130958,51,2018/02/08,72,2018/02/09,0
CONR-1240,3,"TJX Companies : Homegoods (Domestic)",130958,52,2018/02/08,30,2018/02/09,0
DTKP-1010,3,"TJX Companies : Homegoods (Domestic)",130958,53,2018/02/08,24,2018/02/09,0
DTK01R,3,"TJX Companies : Homegoods (Domestic)",130958,54,2018/02/08,72,2018/02/09,0
DTKBO-1283,3,"TJX Companies : Homegoods (Domestic)",130958,55,2018/02/08,24,2018/02/09,0
DTKT-1278,3,"TJX Companies : Homegoods (Domestic)",130958,56,2018/02/08,48,2018/02/09,0
FRBA-1038,3,"TJX Companies : Homegoods (Domestic)",130958,57,2018/02/08,48,2018/02/09,0
SEAG-1029,3,"TJX Companies : Homegoods (Domestic)",130958,58,2018/02/08,48,2018/02/09,0
BTLB-1103,3,"TJX Companies : Homegoods (Domestic)",130958,59,2018/02/08,24,2018/02/09,0
CMXG-1263,3,"TJX Companies : Homegoods (Domestic)",130958,60,2018/02/08,84,2018/02/09,0
ARDP-1136,3,"TJX Companies : Homegoods (Domestic)",130959,1,2018/02/08,24,2018/02/09,0
RTK01R,3,"TJX Companies : Homegoods (Domestic)",130959,2,2018/02/08,42,2018/02/09,0
TUG01R-R,3,"TJX Companies : Homegoods (Domestic)",130959,3,2018/02/08,108,2018/02/09,0
RBH1-1155,3,"TJX Companies : Homegoods (Domestic)",130959,4,2018/02/08,68,2018/02/09,0
CSCO-1106,3,"TJX Companies : Homegoods (Domestic)",130959,9,2018/02/08,42,2018/02/09,0
SECO-1064,3,"TJX Companies : Homegoods (Domestic)",130959,10,2018/02/08,42,2018/02/09,0
STK01R,3,"TJX Companies : Homegoods (Domestic)",130959,11,2018/02/08,16,2018/02/09,0
TRTP-1137,3,"TJX Companies : Homegoods (Domestic)",130959,12,2018/02/08,18,2018/02/09,0
FLWA2-1285,3,"TJX Companies : Homegoods (Domestic)",130959,13,2018/02/08,12,2018/02/09,0
WTCG-1111,3,"TJX Companies : Homegoods (Domestic)",130959,46,2018/02/08,108,2018/02/09,0
SEAA-1031,3,"TJX Companies : Homegoods (Domestic)",130959,47,2018/02/08,42,2018/02/09,0
AIRB-1027,3,"TJX Companies : Homegoods (Domestic)",130959,48,2018/02/08,40,2018/02/09,0
SUBB-1032,3,"TJX Companies : Homegoods (Domestic)",130959,49,2018/02/08,104,2018/02/09,0
TUG01R-B,3,"TJX Companies : Homegoods (Domestic)",130959,50,2018/02/08,108,2018/02/09,0
CCRB-1237,3,"TJX Companies : Homegoods (Domestic)",130959,51,2018/02/08,104,2018/02/09,0
CONR-1240,3,"TJX Companies : Homegoods (Domestic)",130959,52,2018/02/08,12,2018/02/09,0
DTKP-1010,3,"TJX Companies : Homegoods (Domestic)",130959,53,2018/02/08,12,2018/02/09,0
DTK01R,3,"TJX Companies : Homegoods (Domestic)",130959,54,2018/02/08,102,2018/02/09,0
DTKBO-1283,3,"TJX Companies : Homegoods (Domestic)",130959,55,2018/02/08,12,2018/02/09,0
DTKT-1278,3,"TJX Companies : Homegoods (Domestic)",130959,56,2018/02/08,48,2018/02/09,0
FRBA-1038,3,"TJX Companies : Homegoods (Domestic)",130959,57,2018/02/08,42,2018/02/09,0
SEAG-1029,3,"TJX Companies : Homegoods (Domestic)",130959,58,2018/02/08,42,2018/02/09,0
BTLB-1103,3,"TJX Companies : Homegoods (Domestic)",130959,59,2018/02/08,12,2018/02/09,0
CMXG-1263,3,"TJX Companies : Homegoods (Domestic)",130959,60,2018/02/08,102,2018/02/09,0
TUG01R-R,3,"TJX Companies : Homegoods (Domestic)",130960,1,2018/02/08,108,2018/02/09,0
STK01R,3,"TJX Companies : Homegoods (Domestic)",130960,2,2018/02/08,72,2018/02/09,0
TRTP-1137,3,"TJX Companies : Homegoods (Domestic)",130960,3,2018/02/08,72,2018/02/09,0
SLDA2-1284,3,"TJX Companies : Homegoods (Domestic)",130960,4,2018/02/08,176,2018/02/09,0
ARBB-1235,3,"TJX Companies : Homegoods (Domestic)",130960,25,2018/02/08,200,2018/02/09,0
BBS1-1238,3,"TJX Companies : Homegoods (Domestic)",130960,31,2018/02/08,140,2018/02/09,0
BLKA-1110,3,"TJX Companies : Homegoods (Domestic)",130960,32,2018/02/08,90,2018/02/09,0
TEAB-1074,3,"TJX Companies : Homegoods (Domestic)",130960,33,2018/02/08,132,2018/02/09,0
TUG01R-B,3,"TJX Companies : Homegoods (Domestic)",130960,47,2018/02/08,108,2018/02/09,0
DIN01R,3,"TJX Companies : Homegoods (Domestic)",130960,48,2018/02/08,88,2018/02/09,0
CDPB-1262,3,"TJX Companies : Homegoods (Domestic)",130960,63,2018/02/08,198,2018/02/09,0
PFRM-1158,3,"TJX Companies : Homegoods (Domestic)",130960,64,2018/02/08,88,2018/02/09,0
PHSE-1239,3,"TJX Companies : Homegoods (Domestic)",130960,65,2018/02/08,72,2018/02/09,0
CCRB-1237,3,"Event Network",130980,1,2018/02/09,24,2018/02/12,0
FRBA-1038,3,"Event Network",130980,2,2018/02/09,36,2018/02/12,0
SECA-1065,3,"Event Network",130980,3,2018/02/09,30,2018/02/12,0
CSCO-1106,3,"Barnes & Noble",131001,1,2018/02/09,152,2018/02/19,0
CSCO-1106,3,"Barnes & Noble",131002,1,2018/02/09,52,2018/02/19,0
BB3P-1233,3,"Flat River Group LLC",131007,1,2018/02/09,4,2018/02/12,0
SPSA-1036,3,"Flat River Group LLC",131007,2,2018/02/09,6,2018/02/12,0
SECB-1063,3,"Flat River Group LLC",131007,3,2018/02/09,6,2018/02/12,0
DIN01R,3,"Flat River Group LLC",131007,4,2018/02/09,8,2018/02/12,0
PFRM-1158,3,"Flat River Group LLC",131007,19,2018/02/09,8,2018/02/12,0
ARBB-1235,3,"Flat River Group LLC",131007,20,2018/02/09,8,2018/02/12,0
ARDP-1136,3,"Flat River Group LLC",131007,26,2018/02/09,8,2018/02/12,0
DMM1-1242,3,"Flat River Group LLC",131007,27,2018/02/09,8,2018/02/12,0
DRM1-1246,3,"Flat River Group LLC",131007,39,2018/02/09,8,2018/02/12,0
HELB-1060,3,"Flat River Group LLC",131007,49,2018/02/09,8,2018/02/12,0
CST3-1209,3,"Flat River Group LLC",131007,50,2018/02/09,8,2018/02/12,0
TUG01R-Y,3,"Flat River Group LLC",131007,51,2018/02/09,9,2018/02/12,0
TUG01R-B,3,"Flat River Group LLC",131007,52,2018/02/09,9,2018/02/12,0
TRNB-1054,3,"Flat River Group LLC",131007,53,2018/02/09,12,2018/02/12,0
SEAG-1029,3,"Flat River Group LLC",131007,54,2018/02/09,12,2018/02/12,0
TEAB-1074,3,"Flat River Group LLC",131007,55,2018/02/09,12,2018/02/12,0
DS4A-1241,3,"Flat River Group LLC",131007,69,2018/02/09,12,2018/02/12,0
FRBA-1038,3,"Flat River Group LLC",131007,78,2018/02/09,12,2018/02/12,0
CPCK-1152,3,"Flat River Group LLC",131007,79,2018/02/09,16,2018/02/12,0
TRTO-1042,3,"Flat River Group LLC",131007,80,2018/02/09,18,2018/02/12,0
FTK01R,3,"Flat River Group LLC",131007,81,2018/02/09,24,2018/02/12,0
CHF01R,3,"Flat River Group LLC",131007,82,2018/02/09,24,2018/02/12,0
AIRR-1026,3,"Flat River Group LLC",131007,93,2018/02/09,32,2018/02/12,0
DRM1-1246,3,"Target Corporation",131020,1,2018/02/12,12,2018/02/16,0
DRM1-1246,3,"Target Corporation",131021,1,2018/02/12,4,2018/02/16,0
DRM1-1246,3,"Target Corporation",131022,1,2018/02/12,8,2018/02/16,0
DRM1-1246,3,"Target Corporation",131023,1,2018/02/12,8,2018/02/16,0
DRM1-1246,3,"Target Corporation",131024,1,2018/02/12,4,2018/02/16,0
DRM1-1246,3,"Target Corporation",131025,1,2018/02/12,8,2018/02/16,0
DRM1-1246,3,"Target Corporation",131026,1,2018/02/12,12,2018/02/16,0
DRM1-1246,3,"Target Corporation",131027,1,2018/02/12,20,2018/02/16,0
DRM1-1246,3,"Target Corporation",131028,1,2018/02/12,8,2018/02/16,0
DRM1-1246,3,"Target Corporation",131029,1,2018/02/12,4,2018/02/16,0
DRM1-1246,3,"Target Corporation",131030,1,2018/02/12,8,2018/02/16,0
DRM1-1246,3,"Target Corporation",131031,1,2018/02/12,12,2018/02/16,0
DRM1-1246,3,"Target Corporation",131032,1,2018/02/12,4,2018/02/16,0
DRM1-1246,3,"Target Corporation",131033,1,2018/02/12,8,2018/02/16,0
DRM1-1246,3,"Target Corporation",131034,1,2018/02/12,16,2018/02/16,0
DRM1-1246,3,"Target Corporation",131035,1,2018/02/12,8,2018/02/16,0
JGR01R,3,"Amazon.com -   Toys",131036,1,2018/02/12,1536,2018/02/16,1536
BTLB-1103,3,"Amazon.com -   Toys",131036,9,2018/02/12,60,2018/02/16,0
CHP1-1151,3,"Amazon.com -   Toys",131036,10,2018/02/12,24,2018/02/16,0
STSA2-1288,3,"Amazon.com -   Toys",131036,20,2018/02/12,4,2018/02/16,0
SCDP-1270,3,"The Kroger Company",131037,1,2018/02/12,144,2018/02/16,144
TEAB-1074,3,"Amazon.com -   Toys",131038,1,2018/02/12,6,2018/02/14,0
SND01R,3,"Seaworld Parks and Entertainment",131039,1,2018/02/12,36,2018/02/13,0
SUBY-1033,3,"Seaworld Parks and Entertainment",131039,10,2018/02/12,24,2018/02/13,0
FRBA-1038,3,"Seaworld Parks and Entertainment",131039,11,2018/02/12,12,2018/02/13,0
SUBA-1034,3,"Event Network",131040,1,2018/02/12,32,2018/02/13,32
CCRB-1237,3,"Event Network",131042,1,2018/02/12,32,2018/02/13,0
DCM1-1243,3,"Event Network",131042,2,2018/02/12,8,2018/02/13,0
MVP1-1165,3,"Event Network",131043,1,2018/02/12,32,2018/02/13,0
TUG01R-A,3,"Remember When Toys",131044,1,2018/02/12,9,2018/02/13,0
RBH1-1155,3,"Remember When Toys",131044,2,2018/02/12,4,2018/02/13,0
AIRA-1028,3,"Just Imagine Toys - Baraboo",131045,1,2018/02/12,8,2018/02/13,0
TRTO-1042,3,"Just Imagine Toys - Baraboo",131045,2,2018/02/12,6,2018/02/13,0
CCRB-1237,3,"Just Imagine Toys - Baraboo",131045,3,2018/02/12,4,2018/02/13,0
FTK01R,3,"Just Imagine Toys - Baraboo",131045,4,2018/02/12,6,2018/02/13,0
TUG01R-A,3,"Just Imagine Toys - Baraboo",131045,5,2018/02/12,9,2018/02/13,0
RBH1-1155,3,"Just Imagine Toys - Baraboo",131045,6,2018/02/12,4,2018/02/13,0
TEAB-1074,3,"Just Imagine Toys - Baraboo",131045,11,2018/02/12,6,2018/02/13,0
DTK01R,3,"Just Imagine Toys - Baraboo",131045,25,2018/02/12,6,2018/02/13,0
WWAD-2016,3,"Just Imagine Toys - Baraboo",131045,26,2018/02/12,1,2018/02/13,0
CCRB-1237,3,"Newman, Beamis Inc.",131048,1,2018/02/12,48,2018/02/13,0
CONR-1240,3,"Newman, Beamis Inc.",131048,2,2018/02/12,24,2018/02/13,0
DTK01R,3,"Newman, Beamis Inc.",131048,3,2018/02/12,36,2018/02/13,0
FTK01R,3,"Newman, Beamis Inc.",131048,4,2018/02/12,24,2018/02/13,0
TLSB2-1286,3,"Newman, Beamis Inc.",131048,5,2018/02/12,24,2018/02/13,0
AIRB-1027,3,"Newman, Beamis Inc.",131048,23,2018/02/12,24,2018/02/13,0
AIRR-1026,3,"Newman, Beamis Inc.",131048,24,2018/02/12,24,2018/02/13,0
TRTO-1042,3,"Newman, Beamis Inc.",131048,25,2018/02/12,72,2018/02/13,0
TRNB-1054,3,"Newman, Beamis Inc.",131048,26,2018/02/12,24,2018/02/13,0
TEAB-1074,3,"Newman, Beamis Inc.",131048,27,2018/02/12,48,2018/02/13,0
TUG01R-A,3,"Newman, Beamis Inc.",131048,41,2018/02/12,72,2018/02/13,0
PFRM-1158,3,"Newman, Beamis Inc.",131048,42,2018/02/12,24,2018/02/13,0
RBH1-1155,3,"Newman, Beamis Inc.",131048,43,2018/02/12,36,2018/02/13,0
MVP1-1165,3,"Newman, Beamis Inc.",131048,48,2018/02/12,24,2018/02/13,0
CDPB-1262,3,"Newman, Beamis Inc.",131048,49,2018/02/12,36,2018/02/13,0
CFTP-1199,3,"Newman, Beamis Inc.",131048,50,2018/02/12,24,2018/02/13,0
FRBGW-1290,3,"Newman, Beamis Inc.",131048,51,2018/02/12,48,2018/02/13,0
PHSE-1239,3,"Newman, Beamis Inc.",131048,52,2018/02/12,24,2018/02/13,0
BBS1-1238,3,"Newman, Beamis Inc.",131048,53,2018/02/12,24,2018/02/13,0
DS4A-1241,3,"Newman, Beamis Inc.",131048,54,2018/02/12,48,2018/02/13,0
TRTP-1137,3,"Newman, Beamis Inc.",131048,63,2018/02/12,36,2018/02/13,0
ARDP-1136,3,"Newman, Beamis Inc.",131048,64,2018/02/12,24,2018/02/13,0
CST3-1209,3,"Newman, Beamis Inc.",131048,65,2018/02/12,24,2018/02/13,0
TUG01R-B,3,"Merlin Entertainment Group",131050,1,2018/02/12,9,2018/02/13,0
SUBY-1033,3,"Merlin Entertainment Group",131050,2,2018/02/12,8,2018/02/13,0
FRBA-1038,3,"Merlin Entertainment Group",131051,1,2018/02/12,12,2018/02/13,0
SECB-1063,3,"Merlin Entertainment Group",131051,2,2018/02/12,12,2018/02/13,0
WWAD-2016,3,"iSpark Toys LLC",131052,1,2018/02/12,1,2018/02/13,0
CHST-1146,3,"iSpark Toys LLC",131052,2,2018/02/12,1,2018/02/13,0
DFM1-1244,3,"iSpark Toys LLC",131052,11,2018/02/12,4,2018/02/13,0
DRM1-1246,3,"iSpark Toys LLC",131052,21,2018/02/12,4,2018/02/13,0
DCM1-1243,3,"iSpark Toys LLC",131052,31,2018/02/12,4,2018/02/13,0
DMM1-1242,3,"iSpark Toys LLC",131052,42,2018/02/12,4,2018/02/13,0
TUG01R-A,3,"iSpark Toys LLC",131052,54,2018/02/12,9,2018/02/13,0
SEAA-1031,3,"iSpark Toys LLC",131052,55,2018/02/12,6,2018/02/13,0
SCHY-1009,3,"iSpark Toys LLC",131052,56,2018/02/12,6,2018/02/13,0
TLSB2-1286,3,"iSpark Toys LLC",131052,57,2018/02/12,4,2018/02/13,0
FTK01R,3,"iSpark Toys LLC",131052,75,2018/02/12,6,2018/02/13,0
SECA-1065,3,"iSpark Toys LLC",131052,76,2018/02/12,6,2018/02/13,0
TUG01R-A,3,"The Nutshell",131055,1,2018/02/12,9,2018/02/13,0
FRBA-1038,3,"The Nutshell",131055,2,2018/02/12,6,2018/02/13,0
CCRB-1237,3,"The Nutshell",131055,3,2018/02/12,4,2018/02/13,0
RTK01R,3,"The Nutshell",131055,4,2018/02/12,6,2018/02/13,0
DTK01R,3,"The Nutshell",131055,5,2018/02/12,6,2018/02/13,0
FTK01R,3,"The Nutshell",131055,6,2018/02/12,6,2018/02/13,0
CPCK-1152,3,"The Nutshell",131055,7,2018/02/12,4,2018/02/13,0
TEA01R,3,"The Nutshell",131055,8,2018/02/12,6,2018/02/13,0
AIRA-1028,3,"Hub Hobby",131057,1,2018/02/12,8,2018/02/13,0
CCRB-1237,3,"Hub Hobby",131057,2,2018/02/12,4,2018/02/13,0
CST3-1209,3,"Hub Hobby",131057,3,2018/02/12,4,2018/02/13,0
TUG01R-A,3,"Hub Hobby",131057,4,2018/02/12,9,2018/02/13,0
FRBGW-1290,3,"Hub Hobby",131057,5,2018/02/12,6,2018/02/13,0
PHSE-1239,3,"Hub Hobby",131057,6,2018/02/12,4,2018/02/13,0
RBH1-1155,3,"Hub Hobby",131057,7,2018/02/12,4,2018/02/13,0
TRTO-1042,3,"Hub Hobby",131057,12,2018/02/12,6,2018/02/13,0
CSCO-1106,3,"Beachwalk Coastal Postal",131063,1,2018/02/12,6,2018/02/13,0
AIRR-1026,3,"Beachwalk Coastal Postal",131063,2,2018/02/12,8,2018/02/13,0
AIRB-1027,3,"Beachwalk Coastal Postal",131063,3,2018/02/12,8,2018/02/13,0
SECA-1065,3,"Whole Foods, Inc - PARENT : Whole Foods -RED - Redwood City",131064,1,2018/02/12,6,2018/02/13,0
AIRA-1028,3,"Whole Foods, Inc - PARENT : Whole Foods -RED - Redwood City",131064,2,2018/02/12,8,2018/02/13,0
TRTO-1042,3,"Whole Foods, Inc - PARENT : Whole Foods -RED - Redwood City",131064,3,2018/02/12,6,2018/02/13,0
RCPG-1067,3,"Whole Foods, Inc - PARENT : Whole Foods -RED - Redwood City",131064,4,2018/02/12,12,2018/02/13,0
DS4A-1241,3,"Whole Foods, Inc - PARENT : Whole Foods -FTW - Ft Worth",131065,1,2018/02/12,6,2018/02/13,0
DTK01R,3,"Whole Foods, Inc - PARENT : Whole Foods -FTW - Ft Worth",131065,10,2018/02/12,6,2018/02/13,0
KNTA-1502,3,"Whole Foods, Inc - PARENT : Whole Foods -FTW - Ft Worth",131065,11,2018/02/12,12,2018/02/13,0
RACT-1008,3,"Whole Foods, Inc - PARENT : Whole Foods -FTW - Ft Worth",131065,12,2018/02/12,12,2018/02/13,0
DTKP-1010,3,"Whole Foods, Inc - PARENT : Whole Foods -FTW - Ft Worth",131065,13,2018/02/12,6,2018/02/13,0
TRTO-1042,3,"Whole Foods, Inc - PARENT : Whole Foods -FTW - Ft Worth",131065,14,2018/02/12,6,2018/02/13,0
WTCG-1111,3,"Whole Foods, Inc - PARENT : Whole Foods -FTW - Ft Worth",131065,15,2018/02/12,6,2018/02/13,0
TUG01R-Y,3,"Green Toys Inc:In House Samples",131069,1,2018/02/12,9,2018/02/13,0
CPCK-1152,3,"Green Toys Inc:In House Samples",131069,2,2018/02/12,4,2018/02/13,0
CHF01R,3,"Green Toys Inc:In House Samples",131069,3,2018/02/12,8,2018/02/13,0
BKA1-1210,3,"Green Toys Inc:In House Samples",131069,14,2018/02/12,6,2018/02/13,0
SCBK-1190,3,"Green Toys Inc:In House Samples",131069,22,2018/02/12,4,2018/02/13,0
STK01R,3,"Green Toys Inc:In House Samples",131069,28,2018/02/12,8,2018/02/13,0
RCEL-1066,3,"Green Toys Inc:In House Samples",131069,29,2018/02/12,12,2018/02/13,0
BB3P-1233,3,"Green Toys Inc:In House Samples",131069,30,2018/02/12,4,2018/02/13,0
TRTP-1137,3,"Green Toys Inc:In House Samples",131069,31,2018/02/12,6,2018/02/13,0
TRNB-1054,3,"Green Toys Inc:In House Samples",131069,32,2018/02/12,6,2018/02/13,0
MVT1-1164,3,"Green Toys Inc:In House Samples",131069,33,2018/02/12,24,2018/02/13,0
CSCO-1106,3,"Green Toys Inc:In House Samples",131069,34,2018/02/12,6,2018/02/13,0
CMXG-1263,3,"Green Toys Inc:In House Samples",131069,35,2018/02/12,6,2018/02/13,0
ARDP-1136,3,"Green Toys Inc:In House Samples",131069,36,2018/02/12,8,2018/02/13,0
DS4A-1241,3,"Green Toys Inc:In House Samples",131069,37,2018/02/12,12,2018/02/13,0
DMM1-1242,3,"Green Toys Inc:In House Samples",131069,46,2018/02/12,4,2018/02/13,0
DMT1-1245,3,"Green Toys Inc:In House Samples",131069,58,2018/02/12,4,2018/02/13,0
DRM1-1246,3,"Green Toys Inc:In House Samples",131069,68,2018/02/12,4,2018/02/13,0
DFM1-1244,3,"Green Toys Inc:In House Samples",131069,78,2018/02/12,4,2018/02/13,0
DCM1-1243,3,"Green Toys Inc:In House Samples",131069,88,2018/02/12,4,2018/02/13,0
"Celigo Demo Item",3,"Celigo Demo Customer",Memorized,1,2016/05/13,5,2016/05/16,5