"Item Code",Location,"Date Added","Inventory Unit Cost","Purchase Unit Cost","Selling Price","Stock On Hand","Allocated Stock","Supply Type","Supply Code","Vendor Code","Purchase UOM","Purchase Factor","Purchase Currency","Lead Time","Stocking Indicator","Minimum Stock","Minimum Order Quantity","Order Multiple","Group 1","Group 2"
11299-BJ,3,,11.04,10.51,17.00,,,EX,135,135,,,,,,,,,"Inventory Item","Finished Goods - Non Assembled"
112994,3,,11.36,11.17,17.00,192,,EX,135,135,,,,,,,,,"Inventory Item","Finished Goods - Non Assembled"
3SD1-1201,3,,86.13,,145.20,,,EX,,,,,,,,,,,"Assembly/Bill of Materials","Finished Goods - Assembled"
3SD1-1201,7,,86.13,,145.20,3,,EX,,,,,,,,,,,"Assembly/Bill of Materials","Finished Goods - Assembled"
3SD2-1201,7,,,,128.70,,,EX,,,,,,,,,,,"Assembly/Bill of Materials","Finished Goods - Assembled"
944997,3,,8.35,8.35,15.75,,,EX,135,135,,,,,,,,,"Inventory Item","Finished Goods - Non Assembled"
973786,3,,12.04,12.04,20.00,,,EX,135,135,,,,,,,,,"Inventory Item","Finished Goods - Non Assembled"
980026526,3,,12.36,12.36,,,,EX,135,135,,,,,,,,,"Inventory Item","Finished Goods - Non Assembled"
980026526-TRK2PK,3,,11.89,11.89,,1000,,EX,135,135,,,,,,,,,"Inventory Item","Finished Goods - Non Assembled"
980026526-TRN2PK,3,,12.22,12.22,,1000,,EX,135,135,,,,,,,,,"Inventory Item","Finished Goods - Non Assembled"
AARG-1295,3,,,,7.50,240,,EX,135,135,,,,,,,,,"Inventory Item","Finished Goods - Non Assembled"
AIRA-1028,2,,3.36,3.45,7.50,,,EX,135,135,,,,,,,,,"Inventory Item","Finished Goods - Non Assembled"
AIRA-1028,3,,3.321,3.45,7.50,686,,EX,135,135,,,,,,,,,"Inventory Item","Finished Goods - Non Assembled"
AIRA-1028,7,,3.32,3.45,7.50,,,EX,135,135,,,,,,,,,"Inventory Item","Finished Goods - Non Assembled"
AIRA-1028,9,,3.36,3.45,7.50,-8,,EX,135,135,,,,,,,,,"Inventory Item","Finished Goods - Non Assembled"
AIRB-1027,2,,3.329,3.45,7.50,,,EX,135,135,,,,,,,,,"Inventory Item","Finished Goods - Non Assembled"
AIRB-1027,3,,3.32,3.45,7.50,8979,,EX,135,135,,,,,,,,,"Inventory Item","Finished Goods - Non Assembled"
AIRB-1027,7,,3.397,3.45,7.50,748,,EX,135,135,,,,,,,,,"Inventory Item","Finished Goods - Non Assembled"
AIRB-1027,9,,3.329,3.45,7.50,-8,,EX,135,135,,,,,,,,,"Inventory Item","Finished Goods - Non Assembled"
AIRB-1027EC,3,,3.506,3.506,7.50,,,EX,135,135,,,,,,,,,"Inventory Item","Finished Goods - Non Assembled"
AIRB4-1027,3,,3.53,3.45,7.50,,,EX,135,135,,,,,,,,,"Inventory Item","Finished Goods - Non Assembled"
AIRB4-1027,7,,3.45,3.45,7.50,,,EX,135,135,,,,,,,,,"Inventory Item","Finished Goods - Non Assembled"
AIRP-1131,2,,3.32,3.32,7.50,,,EX,135,135,,,,,,,,,"Inventory Item","Finished Goods - Non Assembled"
AIRP-1131,3,,3.32,3.32,7.50,8,,EX,135,135,,,,,,,,,"Inventory Item","Finished Goods - Non Assembled"
AIRR-1026,2,,3.322,3.45,7.50,,,EX,135,135,,,,,,,,,"Inventory Item","Finished Goods - Non Assembled"
AIRR-1026,3,,3.32,3.45,7.50,4966,,EX,135,135,,,,,,,,,"Inventory Item","Finished Goods - Non Assembled"
AIRR-1026,7,,3.341,3.45,7.50,385,,EX,135,135,,,,,,,,,"Inventory Item","Finished Goods - Non Assembled"
AIRR-1026,8,,3.322,3.45,7.50,,,EX,135,135,,,,,,,,,"Inventory Item","Finished Goods - Non Assembled"
AIRR-1026,9,,3.322,3.45,7.50,,,EX,135,135,,,,,,,,,"Inventory Item","Finished Goods - Non Assembled"
AIRR-1026EC,3,,3.506,3.506,7.50,,,EX,135,135,,,,,,,,,"Inventory Item","Finished Goods - Non Assembled"
AKA1-1200,3,,3.85,3.85,6.50,,,EX,,,,,,,,,,,"Assembly/Bill of Materials","Fin Good"
AKCC-1194,3,,2.38,3.71,6.50,5,,EX,,,,,,,,,,,"Assembly/Bill of Materials","Finished Goods - Assembled"
AKCC-1194,7,,2.38,3.71,6.50,,,EX,,,,,,,,,,,"Assembly/Bill of Materials","Finished Goods - Assembled"
AKCC-1194,8,,2.38,3.71,6.50,,,EX,,,,,,,,,,,"Assembly/Bill of Materials","Finished Goods - Assembled"
AKFC-1193,3,,4.20,4.20,6.50,,,EX,,,,,,,,,,,"Assembly/Bill of Materials","Finished Goods - Assembled"
AKVC-1192,3,,2.80,3.85,6.50,43,,EX,,,,,,,,,,,"Assembly/Bill of Materials","Finished Goods - Assembled"
AKVC-1192,7,,2.799,3.85,6.50,12,,EX,,,,,,,,,,,"Assembly/Bill of Materials","Finished Goods - Assembled"
AKVC-1192,8,,3.142,3.85,6.50,,,EX,,,,,,,,,,,"Assembly/Bill of Materials","Finished Goods - Assembled"
AKVC-1192,9,,3.142,3.85,6.50,-6,,EX,,,,,,,,,,,"Assembly/Bill of Materials","Finished Goods - Assembled"
ARBB-1235,3,,4.32,4.32,10.00,1544,,EX,,,,,,,,,,,"Assembly/Bill of Materials","Finished Goods - Assembled"
ARBB-1235,8,,4.32,4.32,10.00,,,EX,,,,,,,,,,,"Assembly/Bill of Materials","Finished Goods - Assembled"
ARBB-1235,9,,4.32,4.32,10.00,-17,,EX,,,,,,,,,,,"Assembly/Bill of Materials","Finished Goods - Assembled"
ARDP-1136,2,,3.352,3.32,7.50,,,EX,135,135,,,,,,,,,"Inventory Item","Finished Goods - Non Assembled"
ARDP-1136,3,,3.32,3.32,7.50,1355,,EX,135,135,,,,,,,,,"Inventory Item","Finished Goods - Non Assembled"
ARDP-1136,8,,3.494,3.32,7.50,308,,EX,135,135,,,,,,,,,"Inventory Item","Finished Goods - Non Assembled"
BB3P-1233,3,,4.43,4.43,7.50,967,,EX,9508,9508,,,,,,,,,"Inventory Item","Finished Goods - Non Assembled"
BBS1-1238,3,,5.02,5.08,10.00,1600,,EX,135,135,,,,,,,,,"Inventory Item","Finished Goods - Non Assembled"
BBS1-1238,9,,5.004,5.08,10.00,5,,EX,135,135,,,,,,,,,"Inventory Item","Finished Goods - Non Assembled"
BK06-TNBK,3,,2.36,2.41,,6,,EX,,,,,,,,,,,"Assembly/Bill of Materials","Finished Goods - Assembled"
BK06-TNBK,5,,2.363,2.41,,,,EX,,,,,,,,,,,"Assembly/Bill of Materials","Finished Goods - Assembled"
BK06-TNBK,8,,2.36,2.41,,,,EX,,,,,,,,,,,"Assembly/Bill of Materials","Finished Goods - Assembled"
BKA1-1210,3,,2.109,1.94,7.50,215,,EX,,,,,,,,,,,"Assembly/Bill of Materials","Fin Good"
BKA1-1210,9,,2.109,1.94,7.50,,,EX,,,,,,,,,,,"Assembly/Bill of Materials","Fin Good"
BKBT-4341,3,,1.59,1.59,,1071,,EX,7397,7397,,,,,,,,,"Inventory Item","Finished Goods - Non Assembled"
BKBT-4341,7,,1.59,1.59,,5,,EX,7397,7397,,,,,,,,,"Inventory Item","Finished Goods - Non Assembled"
BKBT-4341,8,,1.59,1.59,,,,EX,7397,7397,,,,,,,,,"Inventory Item","Finished Goods - Non Assembled"
BKTK-4342,3,,2.00,2.00,,192,,EX,7397,7397,,,,,,,,,"Inventory Item","Finished Goods - Non Assembled"
BKTK-4342,7,,1.744,2.00,,120,,EX,7397,7397,,,,,,,,,"Inventory Item","Finished Goods - Non Assembled"
BKTK-4342,8,,1.59,2.00,,,,EX,7397,7397,,,,,,,,,"Inventory Item","Finished Goods - Non Assembled"
BKTK-4342,9,,1.733,2.00,,24,,EX,7397,7397,,,,,,,,,"Inventory Item","Finished Goods - Non Assembled"
BKTK-4342,12,,1.729,2.00,,2808,,EX,7397,7397,,,,,,,,,"Inventory Item","Finished Goods - Non Assembled"
BKTN-4340,3,,1.627,1.43,,-11,,EX,7397,7397,,,,,,,,,"Inventory Item","Finished Goods - Non Assembled"
BKTN-4340,7,,1.59,1.43,,144,,EX,7397,7397,,,,,,,,,"Inventory Item","Finished Goods - Non Assembled"
BKTN-4340,8,,1.59,1.43,,,,EX,7397,7397,,,,,,,,,"Inventory Item","Finished Goods - Non Assembled"
BKTN-4340,9,,1.496,1.43,,72,,EX,7397,7397,,,,,,,,,"Inventory Item","Finished Goods - Non Assembled"
BKTN-4340,12,,1.504,1.43,,12824,,EX,7397,7397,,,,,,,,,"Inventory Item","Finished Goods - Non Assembled"
BLKA-1110,2,,4.624,4.52,12.50,,,EX,135,135,,,,,,,,,"Inventory Item","Finished Goods - Non Assembled"
BLKA-1110,3,,4.523,4.52,12.50,607,,EX,135,135,,,,,,,,,"Inventory Item","Finished Goods - Non Assembled"
BLKA-1110,7,,4.67,4.52,12.50,133,,EX,135,135,,,,,,,,,"Inventory Item","Finished Goods - Non Assembled"
BLKA-1110,9,,4.624,4.52,12.50,-12,,EX,135,135,,,,,,,,,"Inventory Item","Finished Goods - Non Assembled"
BTAA-ASSY,3,,4.70,4.59,0.00,,,EX,,,,,,,,,,,"Assembly/Bill of Materials","Finished Goods - Assembled"
BTAA-ASSY,12,,4.59,4.59,0.00,,,EX,,,,,,,,,,,"Assembly/Bill of Materials","Finished Goods - Assembled"
BTLB-1103,2,,1.868,1.86,6.00,,,EX,118,118,,,,,,,,,"Inventory Item","Finished Goods - Non Assembled"
BTLB-1103,3,,1.859,1.86,6.00,1011,,EX,118,118,,,,,,,,,"Inventory Item","Finished Goods - Non Assembled"
BTLB-1103,7,,1.883,1.86,6.00,635,,EX,118,118,,,,,,,,,"Inventory Item","Finished Goods - Non Assembled"
BTLB-1103,9,,1.868,1.86,6.00,,,EX,118,118,,,,,,,,,"Inventory Item","Finished Goods - Non Assembled"
BTLB-12X4,3,,2.05,2.05,4.20,,,EX,118,118,,,,,,,,,"Inventory Item","Finished Goods - Non Assembled"
BTLB-12X4,7,,2.05,2.05,4.20,,,EX,118,118,,,,,,,,,"Inventory Item","Finished Goods - Non Assembled"
BTRO-1104,2,,1.877,1.86,6.00,,,EX,118,118,,,,,,,,,"Inventory Item","Finished Goods - Non Assembled"
BTRO-1104,3,,1.862,1.86,6.00,438,,EX,118,118,,,,,,,,,"Inventory Item","Finished Goods - Non Assembled"
BTRO-1104,7,,1.884,1.86,6.00,968,,EX,118,118,,,,,,,,,"Inventory Item","Finished Goods - Non Assembled"
BTRO-1104,9,,1.877,1.86,6.00,,,EX,118,118,,,,,,,,,"Inventory Item","Finished Goods - Non Assembled"
BTRO-12X4,3,,2.05,2.05,4.20,,,EX,118,118,,,,,,,,,"Inventory Item","Finished Goods - Non Assembled"
BTRO-12X4,7,,2.05,2.05,4.20,,,EX,118,118,,,,,,,,,"Inventory Item","Finished Goods - Non Assembled"
BTS1-1236,2,,-3.318,7.30,15.00,,,EX,,,,,,,,,,,"Assembly/Bill of Materials","Finished Goods - Assembled"
BTS1-1236,3,,7.30,7.30,15.00,5,,EX,,,,,,,,,,,"Assembly/Bill of Materials","Finished Goods - Assembled"
BTS1-1236,9,,-3.318,7.30,15.00,-16,,EX,,,,,,,,,,,"Assembly/Bill of Materials","Finished Goods - Assembled"
BTSA-1105,2,,.739,1.86,6.00,,,EX,118,118,,,,,,,,,"Inventory Item","Finished Goods - Non Assembled"
BTSA-1105,3,,1.86,1.86,6.00,118,,EX,118,118,,,,,,,,,"Inventory Item","Finished Goods - Non Assembled"
BTSA-1105,7,,1.89,1.86,6.00,,,EX,118,118,,,,,,,,,"Inventory Item","Finished Goods - Non Assembled"
BTSA-1105,9,,.739,1.86,6.00,179,,EX,118,118,,,,,,,,,"Inventory Item","Finished Goods - Non Assembled"
BTSG-1102,2,,1.882,1.86,6.00,,,EX,118,118,,,,,,,,,"Inventory Item","Finished Goods - Non Assembled"
BTSG-1102,3,,1.84,1.86,6.00,2,,EX,118,118,,,,,,,,,"Inventory Item","Finished Goods - Non Assembled"
BTSG-1102,7,,1.882,1.86,6.00,2422,,EX,118,118,,,,,,,,,"Inventory Item","Finished Goods - Non Assembled"
BTSG-1102,9,,1.882,1.86,6.00,,,EX,118,118,,,,,,,,,"Inventory Item","Finished Goods - Non Assembled"
BTSG-12X4,3,,2.05,2.05,4.20,,,EX,118,118,,,,,,,,,"Inventory Item","Finished Goods - Non Assembled"
BTSG-12X4,7,,2.05,2.05,4.20,,,EX,118,118,,,,,,,,,"Inventory Item","Finished Goods - Non Assembled"
BWLA-1534,3,,1.46,1.46,4.00,,,EX,135,135,,,,,,,,,"Inventory Item","Finished Goods - Green Eats"
BWLB-1505,3,,1.959,1.64,4.00,19,,EX,135,135,,,,,,,,,"Inventory Item","Finished Goods - Green Eats"
BWLG-1556,3,,2.006,1.64,4.00,5,,EX,135,135,,,,,,,,,"Inventory Item","Finished Goods - Green Eats"
BWLO-1554,3,,2.05,1.64,4.00,,,EX,135,135,,,,,,,,,"Inventory Item","Finished Goods - Green Eats"
BWLY-1555,3,,1.46,1.46,4.00,,,EX,135,135,,,,,,,,,"Inventory Item","Finished Goods - Green Eats"
CCRB-1237,3,,6.19,6.19,12.50,6721,,EX,135,135,,,,,,,,,"Inventory Item","Finished Goods - Non Assembled"
CCRB-1237,9,,6.192,6.19,12.50,-36,,EX,135,135,,,,,,,,,"Inventory Item","Finished Goods - Non Assembled"
CD04-PK01,3,,.172,4.20,0.00,,,EX,,,,,,,,,,,"Assembly/Bill of Materials","Finished Goods - Assembled"
CD04-PK01,5,,.172,4.20,0.00,-544,,EX,,,,,,,,,,,"Assembly/Bill of Materials","Finished Goods - Assembled"
CD04-PK01,7,,.234,4.20,0.00,22104,,EX,,,,,,,,,,,"Assembly/Bill of Materials","Finished Goods - Assembled"
CD04-PK01,12,,.172,4.20,0.00,8400,,EX,,,,,,,,,,,"Assembly/Bill of Materials","Finished Goods - Assembled"
CD04-PK01,16,,.172,4.20,0.00,,,EX,,,,,,,,,,,"Assembly/Bill of Materials","Finished Goods - Assembled"
CDPA-1107,2,,2.886,3.38,8.50,,,EX,135,135,,,,,,,,,"Inventory Item","Finished Goods - Non Assembled"
CDPA-1107,3,,3.33,3.38,8.50,4,,EX,135,135,,,,,,,,,"Inventory Item","Finished Goods - Non Assembled"
CDPA-1107,7,,3.33,3.38,8.50,516,,EX,135,135,,,,,,,,,"Inventory Item","Finished Goods - Non Assembled"
CDPA-1107,8,,3.33,3.38,8.50,,,EX,135,135,,,,,,,,,"Inventory Item","Finished Goods - Non Assembled"
CDPA-1107,9,,2.886,3.38,8.50,80,,EX,135,135,,,,,,,,,"Inventory Item","Finished Goods - Non Assembled"
CDPA-12X4,2,,3.62,3.62,5.95,,,EX,135,135,,,,,,,,,"Inventory Item","Finished Goods - Non Assembled"
CDPA-12X4,3,,3.62,3.62,5.95,,,EX,135,135,,,,,,,,,"Inventory Item","Finished Goods - Non Assembled"
CDPB-1262,3,,3.30,3.30,8.50,3050,,EX,135,135,,,,,,,,,"Inventory Item","Finished Goods - Non Assembled"
CDPB-1262,7,,3.561,3.30,8.50,1002,,EX,135,135,,,,,,,,,"Inventory Item","Finished Goods - Non Assembled"
CDPB-1262,9,,3.36,3.30,8.50,6,,EX,135,135,,,,,,,,,"Inventory Item","Finished Goods - Non Assembled"
CFBP-1197,3,,5.02,5.02,12.50,1,,EX,135,135,,,,,,,,,"Inventory Item","Finished Goods - Non Assembled"
CFTP-1199,3,,5.499,5.10,15.00,98,,EX,135,135,,,,,,,,,"Inventory Item","Finished Goods - Non Assembled"
CHF01R,2,,3.052,3.22,8.50,,,EX,,,,,,,,,,,"Assembly/Bill of Materials","Finished Goods - Assembled"
CHF01R,3,,3.08,3.22,8.50,1640,,EX,,,,,,,,,,,"Assembly/Bill of Materials","Finished Goods - Assembled"
CHF01R,5,,3.079,3.22,8.50,,,EX,,,,,,,,,,,"Assembly/Bill of Materials","Finished Goods - Assembled"
CHF01R,9,,3.052,3.22,8.50,16,,EX,,,,,,,,,,,"Assembly/Bill of Materials","Finished Goods - Assembled"
CHF01R,19,,3.414,3.22,8.50,8,,EX,,,,,,,,,,,"Assembly/Bill of Materials","Finished Goods - Assembled"
CHP1-1151,2,,.308,2.39,5.00,,,EX,,,,,,,,,,,"Assembly/Bill of Materials","Finished Goods - Assembled"
CHP1-1151,3,,.313,2.39,5.00,2899,,EX,,,,,,,,,,,"Assembly/Bill of Materials","Finished Goods - Assembled"
CHP1-1151,7,,3.046,2.39,5.00,32,,EX,,,,,,,,,,,"Assembly/Bill of Materials","Finished Goods - Assembled"
CHP1-1151,9,,.308,2.39,5.00,328,,EX,,,,,,,,,,,"Assembly/Bill of Materials","Finished Goods - Assembled"
CHST-1146,3,,44.48,80.97,0.00,35,,EX,,,,,,,,,,,"Assembly/Bill of Materials","Finished Goods - Assembled"
CHST-1146,7,,44.487,80.97,0.00,6,,EX,,,,,,,,,,,"Assembly/Bill of Materials","Finished Goods - Assembled"
CHST-1146,9,,43.422,80.97,0.00,1,,EX,,,,,,,,,,,"Assembly/Bill of Materials","Finished Goods - Assembled"
CHST-1146F,3,,49.03,49.03,0.00,,,EX,,,,,,,,,,,"Assembly/Bill of Materials","Finished Goods - Assembled"
CHST-1146F,7,,22.50,49.03,0.00,,,EX,,,,,,,,,,,"Assembly/Bill of Materials","Finished Goods - Assembled"
CHSTC-1228,3,,45.239,80.97,0.00,,,EX,,,,,,,,,,,"Assembly/Bill of Materials","Finished Goods - Assembled"
CHSTC-1228,7,,45.239,80.97,0.00,,,EX,,,,,,,,,,,"Assembly/Bill of Materials","Finished Goods - Assembled"
CMXA-1108,2,,3.054,3.33,8.50,,,EX,135,135,,,,,,,,,"Inventory Item","Finished Goods - Non Assembled"
CMXA-1108,3,,3.33,3.33,8.50,7,,EX,135,135,,,,,,,,,"Inventory Item","Finished Goods - Non Assembled"
CMXA-1108,7,,3.329,3.33,8.50,492,,EX,135,135,,,,,,,,,"Inventory Item","Finished Goods - Non Assembled"
CMXA-1108,9,,3.054,3.33,8.50,45,,EX,135,135,,,,,,,,,"Inventory Item","Finished Goods - Non Assembled"
CMXA-12X4,2,,3.63,3.63,5.95,,,EX,135,135,,,,,,,,,"Inventory Item","Finished Goods - Non Assembled"
CMXA-12X4,3,,3.63,3.63,5.95,,,EX,135,135,,,,,,,,,"Inventory Item","Finished Goods - Non Assembled"
CMXG-1263,3,,3.30,3.30,8.50,2046,,EX,135,135,,,,,,,,,"Inventory Item","Finished Goods - Non Assembled"
CMXG-1263,8,,3.496,3.30,8.50,,,EX,135,135,,,,,,,,,"Inventory Item","Finished Goods - Non Assembled"
CONR-1240,3,,2.202,2.158,6.50,1947,,EX,135,135,,,,,,,,,"Inventory Item","Finished Goods - Non Assembled"
CPCK-1152,2,,5.481,5.48,12.50,,,EX,135,135,,,,,,,,,"Inventory Item","Finished Goods - Non Assembled"
CPCK-1152,3,,5.48,5.48,12.50,3361,,EX,135,135,,,,,,,,,"Inventory Item","Finished Goods - Non Assembled"
CPCK-1152,9,,.22,5.48,12.50,-1,,EX,135,135,,,,,,,,,"Inventory Item","Finished Goods - Non Assembled"
CPCK-1152,19,,5.298,5.48,12.50,4,,EX,135,135,,,,,,,,,"Inventory Item","Finished Goods - Non Assembled"
CSC6-1182,3,,3.33,3.41,8.50,,,EX,135,135,,,,,,,,,"Inventory Item","Finished Goods - Non Assembled"
CSC6-1182,7,,3.33,3.41,8.50,,,EX,135,135,,,,,,,,,"Inventory Item","Finished Goods - Non Assembled"
CSCA-1106,2,,3.351,3.38,8.50,,,EX,135,135,,,,,,,,,"Inventory Item","Finished Goods - Non Assembled"
CSCA-1106,3,,3.38,3.38,8.50,52,,EX,135,135,,,,,,,,,"Inventory Item","Finished Goods - Non Assembled"
CSCA-1106,7,,3.35,3.38,8.50,1332,,EX,135,135,,,,,,,,,"Inventory Item","Finished Goods - Non Assembled"
CSCA-1106,8,,3.33,3.38,8.50,,,EX,135,135,,,,,,,,,"Inventory Item","Finished Goods - Non Assembled"
CSCA-1106,9,,3.351,3.38,8.50,,,EX,135,135,,,,,,,,,"Inventory Item","Finished Goods - Non Assembled"
CSCA-12X4,2,,3.63,3.63,5.95,,,EX,135,135,,,,,,,,,"Inventory Item","Finished Goods - Non Assembled"
CSCA-12X4,3,,3.63,3.63,5.95,,,EX,135,135,,,,,,,,,"Inventory Item","Finished Goods - Non Assembled"
CSCA4-1106,3,,1.189,3.38,8.50,,,EX,135,135,,,,,,,,,"Inventory Item","Finished Goods - Non Assembled"
CSCA4-1106,5,,1.189,3.38,8.50,,,EX,135,135,,,,,,,,,"Inventory Item","Finished Goods - Non Assembled"
CSCA4-1106,7,,3.38,3.38,8.50,,,EX,135,135,,,,,,,,,"Inventory Item","Finished Goods - Non Assembled"
CSCO-1106,2,,3.368,3.30,8.50,,,EX,135,135,,,,,,,,,"Inventory Item","Finished Goods - Non Assembled"
CSCO-1106,3,,3.30,3.30,8.50,4901,,EX,135,135,,,,,,,,,"Inventory Item","Finished Goods - Non Assembled"
CSCO-1106,5,,3.481,3.30,8.50,,,EX,135,135,,,,,,,,,"Inventory Item","Finished Goods - Non Assembled"
CSCO-1106,7,,3.491,3.30,8.50,1404,,EX,135,135,,,,,,,,,"Inventory Item","Finished Goods - Non Assembled"
CSCO-1106,8,,3.33,3.30,8.50,383,,EX,135,135,,,,,,,,,"Inventory Item","Finished Goods - Non Assembled"
CSCO-1106,12,,3.44,3.30,8.50,2400,,EX,135,135,,,,,,,,,"Inventory Item","Finished Goods - Non Assembled"
CSCP-1196,3,,3.33,3.33,8.50,1,,EX,135,135,,,,,,,,,"Inventory Item","Finished Goods - Non Assembled"
CSND-1208,3,,.96,.96,2.50,,,EX,,,,,,,,,,,"Assembly/Bill of Materials","Finished Goods - Assembled"
CST3-1209,2,,7.50,7.50,20.00,36,,EX,135,135,,,,,,,,,"Inventory Item","Finished Goods - Non Assembled"
CST3-1209,3,,7.514,7.50,20.00,1146,,EX,135,135,,,,,,,,,"Inventory Item","Finished Goods - Non Assembled"
CST3-1209,9,,7.47,7.50,20.00,-8,,EX,135,135,,,,,,,,,"Inventory Item","Finished Goods - Non Assembled"
CSTA-1109,2,,.082,3.33,8.50,,,EX,135,135,,,,,,,,,"Inventory Item","Finished Goods - Non Assembled"
CSTA-1109,3,,3.33,3.33,8.50,4,,EX,135,135,,,,,,,,,"Inventory Item","Finished Goods - Non Assembled"
CSTA-1109,7,,3.33,3.33,8.50,,,EX,135,135,,,,,,,,,"Inventory Item","Finished Goods - Non Assembled"
CSTA-1109,9,,.082,3.33,8.50,159,,EX,135,135,,,,,,,,,"Inventory Item","Finished Goods - Non Assembled"
CSTV-1261,3,,3.33,3.30,8.50,1271,,EX,135,135,,,,,,,,,"Inventory Item","Finished Goods - Non Assembled"
CSTV-1261,9,,3.64,3.30,8.50,-34,,EX,135,135,,,,,,,,,"Inventory Item","Finished Goods - Non Assembled"
CWCP-1198,3,,4.29,4.29,8.50,,,EX,118,118,,,,,,,,,"Inventory Item","Finished Goods - Non Assembled"
DCM1-1243,3,,5.111,5.51,12.50,962,,EX,,,,,,,,,,,"Assembly/Bill of Materials","Finished Goods - Assembled"
DCM1-1243,7,,5.142,5.51,12.50,,,EX,,,,,,,,,,,"Assembly/Bill of Materials","Finished Goods - Assembled"
DCM1-1243,9,,5.149,5.51,12.50,-7,,EX,,,,,,,,,,,"Assembly/Bill of Materials","Finished Goods - Assembled"
DDSD-1119,3,,6.35,6.02,12.50,21,,EX,,,,,,,,,,,"Assembly/Bill of Materials","Finished Goods - Assembled"
DDSD-1119,5,,6.354,6.02,12.50,,,EX,,,,,,,,,,,"Assembly/Bill of Materials","Finished Goods - Assembled"
DDSD-1119,9,,133.35,6.02,12.50,-20,,EX,,,,,,,,,,,"Assembly/Bill of Materials","Finished Goods - Assembled"
DFM1-1244,3,,1.062,4.888,12.50,874,,EX,,,,,,,,,,,"Assembly/Bill of Materials","Finished Goods - Assembled"
DFM1-1244,5,,.05,4.888,12.50,,,EX,,,,,,,,,,,"Assembly/Bill of Materials","Finished Goods - Assembled"
DFM1-1244,7,,2.337,4.888,12.50,,,EX,,,,,,,,,,,"Assembly/Bill of Materials","Finished Goods - Assembled"
DIN01R,2,,8.72,8.48,22.50,,,EX,,,,,,,,,,,"Assembly/Bill of Materials","Finished Goods - Assembled"
DIN01R,3,,8.66,8.48,22.50,1166,,EX,,,,,,,,,,,"Assembly/Bill of Materials","Finished Goods - Assembled"
DIN01R,5,,8.66,8.48,22.50,,,EX,,,,,,,,,,,"Assembly/Bill of Materials","Finished Goods - Assembled"
DIN01R,9,,8.72,8.48,22.50,-8,,EX,,,,,,,,,,,"Assembly/Bill of Materials","Finished Goods - Assembled"
DIN01R,19,,8.625,8.48,22.50,4,,EX,,,,,,,,,,,"Assembly/Bill of Materials","Finished Goods - Assembled"
DMM1-1242,3,,.889,4.86,12.50,1317,,EX,,,,,,,,,,,"Assembly/Bill of Materials","Finished Goods - Assembled"
DMM1-1242,5,,.05,4.86,12.50,,,EX,,,,,,,,,,,"Assembly/Bill of Materials","Finished Goods - Assembled"
DMM1-1242,7,,1.634,4.86,12.50,,,EX,,,,,,,,,,,"Assembly/Bill of Materials","Finished Goods - Assembled"
DMSND-1298,3,,2.903,5.15,11.00,,,EX,,,,,,,,,,,"Assembly/Bill of Materials","Finished Goods - Assembled"
DMSND-1298,5,,2.902,5.15,11.00,,,EX,,,,,,,,,,,"Assembly/Bill of Materials","Finished Goods - Assembled"
DMSUB-1297,3,,2.00,1.77,3.15,36,,EX,135,135,,,,,,,,,"Inventory Item","Finished Goods - Non Assembled"
DMT1-1245,3,,.598,4.88,10.00,88,,EX,,,,,,,,,,,"Assembly/Bill of Materials","Finished Goods - Assembled"
DMT1-1245,5,,.05,4.88,10.00,,,EX,,,,,,,,,,,"Assembly/Bill of Materials","Finished Goods - Assembled"
DMT1-1245,7,,2.15,4.88,10.00,,,EX,,,,,,,,,,,"Assembly/Bill of Materials","Finished Goods - Assembled"
DMT1-1245,9,,.658,4.88,10.00,-8,,EX,,,,,,,,,,,"Assembly/Bill of Materials","Finished Goods - Assembled"
DPLA-1538,2,,2.748,2.79,6.50,1,,EX,135,135,,,,,,,,,"Inventory Item","Finished Goods - Green Eats"
DPLA-1538,3,,2.79,2.79,6.50,592,,EX,135,135,,,,,,,,,"Inventory Item","Finished Goods - Green Eats"
DPLA-1538,9,,2.748,2.79,6.50,8,,EX,135,135,,,,,,,,,"Inventory Item","Finished Goods - Green Eats"
DPLB-1507,3,,2.79,2.79,6.50,1055,,EX,135,135,,,,,,,,,"Inventory Item","Finished Goods - Green Eats"
DPLG-1546,3,,2.79,2.79,6.50,125,,EX,135,135,,,,,,,,,"Inventory Item","Finished Goods - Green Eats"
DPLO-1544,3,,2.79,2.79,6.50,3,,EX,135,135,,,,,,,,,"Inventory Item","Finished Goods - Green Eats"
DPLO-1544,9,,.93,2.79,6.50,6,,EX,135,135,,,,,,,,,"Inventory Item","Finished Goods - Green Eats"
DPLY-1545,3,,2.79,2.79,6.50,10,,EX,135,135,,,,,,,,,"Inventory Item","Finished Goods - Green Eats"
DRM1-1246,3,,2.193,4.51,12.50,2408,,EX,,,,,,,,,,,"Assembly/Bill of Materials","Finished Goods - Assembled"
DRM1-1246,5,,2.192,4.51,12.50,,,EX,,,,,,,,,,,"Assembly/Bill of Materials","Finished Goods - Assembled"
DRM1-1246,6,,2.192,4.51,12.50,,,EX,,,,,,,,,,,"Assembly/Bill of Materials","Finished Goods - Assembled"
DRM1-1246,7,,2.183,4.51,12.50,,,EX,,,,,,,,,,,"Assembly/Bill of Materials","Finished Goods - Assembled"
DRM1-1246,9,,2.192,4.51,12.50,1,,EX,,,,,,,,,,,"Assembly/Bill of Materials","Finished Goods - Assembled"
DRM1-1246,12,,2.192,4.51,12.50,,,EX,,,,,,,,,,,"Assembly/Bill of Materials","Finished Goods - Assembled"
DS4A-1241,3,,.585,4.51,5.00,1374,,EX,,,,,,,,,,,"Assembly/Bill of Materials","Finished Goods - Assembled"
DS4A-1241,5,,.585,4.51,5.00,,,EX,,,,,,,,,,,"Assembly/Bill of Materials","Finished Goods - Assembled"
DS4A-1241,7,,.755,4.51,5.00,,,EX,,,,,,,,,,,"Assembly/Bill of Materials","Finished Goods - Assembled"
DSA1-1247,3,,34.68,34.68,73.00,,,EX,118,118,,,,,,,,,"Inventory Item","Finished Goods - Non Assembled"
DSH01R,2,,6.058,5.86,15.00,,,EX,,,,,,,,,,,"Assembly/Bill of Materials","Finished Goods - Assembled"
DSH01R,3,,5.974,5.86,15.00,1727,,EX,,,,,,,,,,,"Assembly/Bill of Materials","Finished Goods - Assembled"
DSH01R,5,,5.974,5.86,15.00,,,EX,,,,,,,,,,,"Assembly/Bill of Materials","Finished Goods - Assembled"
DSH01R,9,,6.058,5.86,15.00,-24,,EX,,,,,,,,,,,"Assembly/Bill of Materials","Finished Goods - Assembled"
DTK01R,2,,5.468,5.51,15.00,,,EX,135,135,,,,,,,,,"Inventory Item","Finished Goods - Non Assembled"
DTK01R,3,,5.461,5.51,15.00,7120,,EX,135,135,,,,,,,,,"Inventory Item","Finished Goods - Non Assembled"
DTK01R,7,,5.488,5.51,15.00,852,,EX,135,135,,,,,,,,,"Inventory Item","Finished Goods - Non Assembled"
DTK01R,9,,5.468,5.51,15.00,-6,,EX,135,135,,,,,,,,,"Inventory Item","Finished Goods - Non Assembled"
DTK01R,19,,5.487,5.51,15.00,6,,EX,135,135,,,,,,,,,"Inventory Item","Finished Goods - Non Assembled"
DTK01REC,3,,5.646,5.646,15.00,,,EX,135,135,,,,,,,,,"Inventory Item","Finished Goods - Non Assembled"
DTKBO-1283,2,,5.46,5.51,15.00,6,,EX,135,135,,,,,,,,,"Inventory Item","Finished Goods - Non Assembled"
DTKBO-1283,3,,5.46,5.51,15.00,642,,EX,135,135,,,,,,,,,"Inventory Item","Finished Goods - Non Assembled"
DTKBO-1283,8,,5.51,5.51,15.00,,,EX,135,135,,,,,,,,,"Inventory Item","Finished Goods - Non Assembled"
DTKBO-1283,9,,5.46,5.51,15.00,-6,,EX,135,135,,,,,,,,,"Inventory Item","Finished Goods - Non Assembled"
DTKP-1010,2,,5.51,5.59,15.00,5,,EX,135,135,,,,,,,,,"Inventory Item","Finished Goods - Non Assembled"
DTKP-1010,3,,5.51,5.59,15.00,2142,,EX,135,135,,,,,,,,,"Inventory Item","Finished Goods - Non Assembled"
DTKP-1010,8,,5.407,5.59,15.00,,,EX,135,135,,,,,,,,,"Inventory Item","Finished Goods - Non Assembled"
DTKP-1010,9,,5.407,5.59,15.00,41,,EX,135,135,,,,,,,,,"Inventory Item","Finished Goods - Non Assembled"
DTKP-1010,19,,5.537,5.59,15.00,6,,EX,135,135,,,,,,,,,"Inventory Item","Finished Goods - Non Assembled"
DTKP-1010EC,3,,5.646,5.646,15.00,,,EX,135,135,,,,,,,,,"Inventory Item","Finished Goods - Non Assembled"
DTKT-1278,3,,5.46,5.61,14.00,2316,,EX,135,135,,,,,,,,,"Inventory Item","Finished Goods - Non Assembled"
ECS01R,2,,.764,1.35,2.75,,,EX,135,135,,,,,,,,,"Inventory Item","Finished Goods - Non Assembled"
ECS01R,3,,1.381,1.35,2.75,31,,EX,135,135,,,,,,,,,"Inventory Item","Finished Goods - Non Assembled"
ECS01R,9,,.764,1.35,2.75,25,,EX,135,135,,,,,,,,,"Inventory Item","Finished Goods - Non Assembled"
ENGR-1154,3,,3.12,3.12,7.50,5104,,EX,135,135,,,,,,,,,"Inventory Item","Finished Goods - Non Assembled"
ENGR-1154,7,,3.12,3.12,7.50,828,,EX,135,135,,,,,,,,,"Inventory Item","Finished Goods - Non Assembled"
ENGR-1154,8,,3.12,3.12,7.50,,,EX,135,135,,,,,,,,,"Inventory Item","Finished Goods - Non Assembled"
ENGR-1154,9,,3.099,3.12,7.50,41,,EX,135,135,,,,,,,,,"Inventory Item","Finished Goods - Non Assembled"
ENGR3-1154,3,,3.12,3.12,7.50,3,,EX,135,135,,,,,,,,,"Inventory Item","Finished Goods - Non Assembled"
ENGR3-1154,7,,3.12,3.12,7.50,,,EX,135,135,,,,,,,,,"Inventory Item","Finished Goods - Non Assembled"
ENGR4-1154,3,,3.12,3.12,7.50,4,,EX,135,135,,,,,,,,,"Inventory Item","Finished Goods - Non Assembled"
FLRA-1481,2,,6.101,6.71,17.50,,,EX,135,135,,,,,,,,,"Inventory Item","Finished Goods - Non Assembled"
FLRA-1481,3,,6.71,6.71,17.50,187,,EX,135,135,,,,,,,,,"Inventory Item","Finished Goods - Non Assembled"
FLRA-1481,7,,6.60,6.71,17.50,4,,EX,135,135,,,,,,,,,"Inventory Item","Finished Goods - Non Assembled"
FLRA-1481,8,,6.101,6.71,17.50,,,EX,135,135,,,,,,,,,"Inventory Item","Finished Goods - Non Assembled"
FLRA-1481,9,,6.101,6.71,17.50,19,,EX,135,135,,,,,,,,,"Inventory Item","Finished Goods - Non Assembled"
FLRA-1481EC,3,,6.786,6.786,16.50,,,EX,135,135,,,,,,,,,"Inventory Item","Finished Goods - Non Assembled"
FLWA-1012,3,,7.183,6.81,15.00,3,,EX,,,,,,,,,,,"Assembly/Bill of Materials","Finished Goods - Assembled"
FLWA-1012,9,,10.775,6.81,15.00,-1,,EX,,,,,,,,,,,"Assembly/Bill of Materials","Finished Goods - Assembled"
FLWA2-1285,2,,4.379,6.81,15.00,,,EX,,,,,,,,,,,"Assembly/Bill of Materials","Finished Goods - Assembled"
FLWA2-1285,3,,4.35,6.81,15.00,1195,,EX,,,,,,,,,,,"Assembly/Bill of Materials","Finished Goods - Assembled"
FLWA2-1285,5,,4.35,6.81,15.00,,,EX,,,,,,,,,,,"Assembly/Bill of Materials","Finished Goods - Assembled"
FLWA2-1285,9,,4.379,6.81,15.00,-8,,EX,,,,,,,,,,,"Assembly/Bill of Materials","Finished Goods - Assembled"
FLWA2-1285,19,,4.35,6.81,15.00,4,,EX,,,,,,,,,,,"Assembly/Bill of Materials","Finished Goods - Assembled"
FRBA-1038,2,,5.059,5.06,12.50,1,,EX,135,135,,,,,,,,,"Inventory Item","Finished Goods - Non Assembled"
FRBA-1038,3,,5.06,5.06,12.50,14962,,EX,135,135,,,,,,,,,"Inventory Item","Finished Goods - Non Assembled"
FRBA-1038,7,,5.045,5.06,12.50,815,,EX,135,135,,,,,,,,,"Inventory Item","Finished Goods - Non Assembled"
FRBA-1038,9,,5.059,5.06,12.50,-1,,EX,135,135,,,,,,,,,"Inventory Item","Finished Goods - Non Assembled"
FRBA-1038EC,3,,5.206,5.206,12.50,,,EX,135,135,,,,,,,,,"Inventory Item","Finished Goods - Non Assembled"
FRBA2-1038,3,,5.06,5.06,12.50,2,,EX,135,135,,,,,,,,,"Inventory Item","Finished Goods - Non Assembled"
FRBA2-1038,7,,5.06,5.06,12.50,,,EX,135,135,,,,,,,,,"Inventory Item","Finished Goods - Non Assembled"
FRBB-1046,3,,5.02,5.02,12.50,,,EX,135,135,,,,,,,,,"Inventory Item","Finished Goods - Non Assembled"
FRBGW-1290,2,,4.99,4.99,12.50,6,,EX,135,135,,,,,,,,,"Inventory Item","Finished Goods - Non Assembled"
FRBGW-1290,3,,4.99,4.99,12.50,1422,,EX,135,135,,,,,,,,,"Inventory Item","Finished Goods - Non Assembled"
FRBGW-1290,8,,4.99,4.99,12.50,720,,EX,135,135,,,,,,,,,"Inventory Item","Finished Goods - Non Assembled"
FRBGW-1290,9,,4.99,4.99,12.50,-6,,EX,135,135,,,,,,,,,"Inventory Item","Finished Goods - Non Assembled"
FRBW-1045,3,,5.02,5.02,12.50,,,EX,135,135,,,,,,,,,"Inventory Item","Finished Goods - Non Assembled"
FTK01R,2,,5.146,5.27,15.00,,,EX,135,135,,,,,,,,,"Inventory Item","Finished Goods - Non Assembled"
FTK01R,3,,5.10,5.27,15.00,1457,,EX,135,135,,,,,,,,,"Inventory Item","Finished Goods - Non Assembled"
FTK01R,7,,5.405,5.27,15.00,254,,EX,135,135,,,,,,,,,"Inventory Item","Finished Goods - Non Assembled"
FTK01R,9,,5.146,5.27,15.00,,,EX,135,135,,,,,,,,,"Inventory Item","Finished Goods - Non Assembled"
FTK01R,19,,5.378,5.27,15.00,6,,EX,135,135,,,,,,,,,"Inventory Item","Finished Goods - Non Assembled"
GAR01R,3,,5.147,5.09,12.50,,,EX,,,,,,,,,,,"Assembly/Bill of Materials","Finished Goods - Assembled"
GAR01R,5,,5.146,5.09,12.50,,,EX,,,,,,,,,,,"Assembly/Bill of Materials","Finished Goods - Assembled"
GAR01R,9,,5.09,5.09,12.50,52,,EX,,,,,,,,,,,"Assembly/Bill of Materials","Finished Goods - Assembled"
HELA-1062,2,,3.557,3.35,10.00,,,EX,118,118,,,,,,,,,"Inventory Item","Finished Goods - Non Assembled"
HELA-1062,3,,3.366,3.35,10.00,97,,EX,118,118,,,,,,,,,"Inventory Item","Finished Goods - Non Assembled"
HELA-1062,7,,3.484,3.35,10.00,,,EX,118,118,,,,,,,,,"Inventory Item","Finished Goods - Non Assembled"
HELA-1062,9,,3.557,3.35,10.00,-8,,EX,118,118,,,,,,,,,"Inventory Item","Finished Goods - Non Assembled"
HELA-1062,13,,3.484,3.35,10.00,136,,EX,118,118,,,,,,,,,"Inventory Item","Finished Goods - Non Assembled"
HELB-1060,3,,3.35,3.35,10.00,669,,EX,118,118,,,,,,,,,"Inventory Item","Finished Goods - Non Assembled"
HELB-1060,7,,3.376,3.35,10.00,1508,,EX,118,118,,,,,,,,,"Inventory Item","Finished Goods - Non Assembled"
HELB-1060,8,,3.352,3.35,10.00,,,EX,118,118,,,,,,,,,"Inventory Item","Finished Goods - Non Assembled"
HELB-1060,9,,3.443,3.35,10.00,,,EX,118,118,,,,,,,,,"Inventory Item","Finished Goods - Non Assembled"
HELB-1060,13,,3.514,3.35,10.00,2300,,EX,118,118,,,,,,,,,"Inventory Item","Finished Goods - Non Assembled"
HELG-1061,2,,3.487,3.35,10.00,,,EX,118,118,,,,,,,,,"Inventory Item","Finished Goods - Non Assembled"
HELG-1061,3,,3.35,3.35,10.00,194,,EX,118,118,,,,,,,,,"Inventory Item","Finished Goods - Non Assembled"
HELG-1061,7,,3.505,3.35,10.00,1532,,EX,118,118,,,,,,,,,"Inventory Item","Finished Goods - Non Assembled"
HELG-1061,9,,3.487,3.35,10.00,,,EX,118,118,,,,,,,,,"Inventory Item","Finished Goods - Non Assembled"
HELG-1061,13,,3.509,3.35,10.00,,,EX,118,118,,,,,,,,,"Inventory Item","Finished Goods - Non Assembled"
JGR01R,3,,2.798,2.73,6.00,708,,EX,,,,,,,,,,,"Assembly/Bill of Materials","Finished Goods - Assembled"
JGR01R,5,,2.798,2.73,6.00,,,EX,,,,,,,,,,,"Assembly/Bill of Materials","Finished Goods - Assembled"
JGR01R,9,,3.033,2.73,6.00,-55,,EX,,,,,,,,,,,"Assembly/Bill of Materials","Finished Goods - Assembled"
JMP01R-A,3,,2.75,2.73,5.50,31,,EX,,,,,,,,,,,"Assembly/Bill of Materials","Finished Goods - Assembled"
JMP01R-A,5,,2.749,2.73,5.50,,,EX,,,,,,,,,,,"Assembly/Bill of Materials","Finished Goods - Assembled"
JMP01R-A,9,,1.445,2.73,5.50,28,,EX,,,,,,,,,,,"Assembly/Bill of Materials","Finished Goods - Assembled"
JPK01R,3,,2.811,2.73,6.00,84,,EX,,,,,,,,,,,"Assembly/Bill of Materials","Finished Goods - Assembled"
JPK01R,5,,2.798,2.73,6.00,,,EX,,,,,,,,,,,"Assembly/Bill of Materials","Finished Goods - Assembled"
JPK01R,9,,1.675,2.73,6.00,57,,EX,,,,,,,,,,,"Assembly/Bill of Materials","Finished Goods - Assembled"
JPR01R,3,,2.796,2.73,5.50,,,EX,,,,,,,,,,,"Assembly/Bill of Materials","Finished Goods - Assembled"
JPR01R,5,,2.798,2.73,5.50,,,EX,,,,,,,,,,,"Assembly/Bill of Materials","Finished Goods - Assembled"
JPR01R,9,,2.73,2.73,5.50,28,,EX,,,,,,,,,,,"Assembly/Bill of Materials","Finished Goods - Assembled"
KNTA-1502,2,,2.55,2.62,6.50,12,,EX,135,135,,,,,,,,,"Inventory Item","Finished Goods - Non Assembled"
KNTA-1502,3,,2.55,2.62,6.50,1620,,EX,135,135,,,,,,,,,"Inventory Item","Finished Goods - Non Assembled"
KNTA-1502,9,,2.569,2.62,6.50,-12,,EX,135,135,,,,,,,,,"Inventory Item","Finished Goods - Non Assembled"
KYBB-1234,3,,1.97,1.97,6.50,870,,EX,,,,,,,,,,,"Assembly/Bill of Materials","Finished Goods - Assembled"
KYBB-1234,8,,1.97,1.97,6.50,25,,EX,,,,,,,,,,,"Assembly/Bill of Materials","Finished Goods - Assembled"
KYBB-1234,9,,1.983,1.97,6.50,-6,,EX,,,,,,,,,,,"Assembly/Bill of Materials","Finished Goods - Assembled"
KYSA-1037,2,,1.374,1.36,4.00,,,EX,135,135,,,,,,,,,"Inventory Item","Finished Goods - Non Assembled"
KYSA-1037,3,,1.36,1.36,4.00,1139,,EX,135,135,,,,,,,,,"Inventory Item","Finished Goods - Non Assembled"
KYSA-1037,9,,1.374,1.36,4.00,-12,,EX,135,135,,,,,,,,,"Inventory Item","Finished Goods - Non Assembled"
KYSA-1037,12,,1.36,1.36,4.00,12,,EX,135,135,,,,,,,,,"Inventory Item","Finished Goods - Non Assembled"
KYSA-1047,2,,1.36,1.36,3.75,,,EX,135,135,,,,,,,,,"Inventory Item","Finished Goods - Non Assembled"
KYSA-1047,3,,1.36,1.36,3.75,4,,EX,135,135,,,,,,,,,"Inventory Item","Finished Goods - Non Assembled"
LBBK-1191,3,,4.967,4.96,10.00,3,,EX,,,,,,,,,,,"Assembly/Bill of Materials","Finished Goods - Assembled"
MCHF-1280,3,,4.195,3.29,4.50,,,EX,,,,,,,,,,,"Assembly/Bill of Materials","Finished Goods - Assembled"
MCHF-1280,5,,4.195,3.29,4.50,,,EX,,,,,,,,,,,"Assembly/Bill of Materials","Finished Goods - Assembled"
MFBR-PBK,2,,1.04,1.04,2.50,,,EX,135,135,,,,,,,,,"Inventory Item","Finished Goods - Non Assembled"
MFBR-PBK,3,,1.04,1.04,2.50,,,EX,135,135,,,,,,,,,"Inventory Item","Finished Goods - Non Assembled"
MPCB-PBK,2,,1.04,1.04,2.50,,,EX,135,135,,,,,,,,,"Inventory Item","Finished Goods - Non Assembled"
MPCB-PBK,3,,1.04,1.04,2.50,,,EX,135,135,,,,,,,,,"Inventory Item","Finished Goods - Non Assembled"
MTEA-1225,3,,3.976,5.04,7.75,68,,EX,,,,,,,,,,,"Assembly/Bill of Materials","Finished Goods - Assembled"
MTEA-1225,5,,3.976,5.04,7.75,,,EX,,,,,,,,,,,"Assembly/Bill of Materials","Finished Goods - Assembled"
MTUG-1250,3,,2.647,2.95,,178,,EX,118,118,,,,,,,,,"Inventory Item","Finished Goods - Non Assembled"
MVFA-1022,3,,4.10,4.10,9.00,,,EX,135,135,,,,,,,,,"Inventory Item","Finished Goods - Non Assembled"
MVHA-1014,3,,4.10,4.10,9.00,,,EX,135,135,,,,,,,,,"Inventory Item","Finished Goods - Non Assembled"
MVP1-1165,2,,4.934,5.05,10.00,13,,EX,135,135,,,,,,,,,"Inventory Item","Finished Goods - Non Assembled"
MVP1-1165,3,,5.00,5.05,10.00,1165,,EX,135,135,,,,,,,,,"Inventory Item","Finished Goods - Non Assembled"
MVP1-1165,9,,1.828,5.05,10.00,4,,EX,135,135,,,,,,,,,"Inventory Item","Finished Goods - Non Assembled"
MVSA-1016,3,,.99,.99,2.50,,,EX,135,135,,,,,,,,,"Inventory Item","Finished Goods - Non Assembled"
MVT1-1164,3,,.88,.88,2.50,2328,,EX,135,135,,,,,,,,,"Inventory Item","Finished Goods - Non Assembled"
MVT1-1164,9,,.062,.88,2.50,184,,EX,135,135,,,,,,,,,"Inventory Item","Finished Goods - Non Assembled"
MWTC-1249,3,,3.474,4.08,,,,EX,118,118,,,,,,,,,"Inventory Item","Finished Goods - Non Assembled"
PBCC-1195,3,,4.97,4.97,12.50,1268,,EX,135,135,,,,,,,,,"Inventory Item","Finished Goods - Assembled"
PBTA-1049,3,,5.297,5.88,12.75,2079,,EX,,,,,,,,,,,"Assembly/Bill of Materials","Finished Goods - Assembled"
PFIR-1156,2,,10.66,10.66,25.00,4,,EX,135,135,,,,,,,,,"Inventory Item","Finished Goods - Non Assembled"
PFIR-1156,3,,10.699,10.66,25.00,8,,EX,135,135,,,,,,,,,"Inventory Item","Finished Goods - Non Assembled"
PFIR-1156,8,,11.68,10.66,25.00,,,EX,135,135,,,,,,,,,"Inventory Item","Finished Goods - Non Assembled"
PFIR-1156,9,,10.66,10.66,25.00,30,,EX,135,135,,,,,,,,,"Inventory Item","Finished Goods - Non Assembled"
PFIR-1156,12,,10.755,10.66,25.00,,,EX,135,135,,,,,,,,,"Inventory Item","Finished Goods - Non Assembled"
PFIR-1156,19,,11.68,10.66,25.00,4,,EX,135,135,,,,,,,,,"Inventory Item","Finished Goods - Non Assembled"
PFRM-1158,2,,10.409,10.62,25.00,,,EX,135,135,,,,,,,,,"Inventory Item","Finished Goods - Non Assembled"
PFRM-1158,3,,10.62,10.62,25.00,2015,,EX,135,135,,,,,,,,,"Inventory Item","Finished Goods - Non Assembled"
PFRM-1158,9,,10.409,10.62,25.00,41,,EX,135,135,,,,,,,,,"Inventory Item","Finished Goods - Non Assembled"
PFRM-1158,19,,11.013,10.62,25.00,4,,EX,135,135,,,,,,,,,"Inventory Item","Finished Goods - Non Assembled"
PHSE-1239,2,,11.153,11.22,25.00,1,,EX,135,135,,,,,,,,,"Inventory Item","Finished Goods - Non Assembled"
PHSE-1239,3,,11.141,11.22,25.00,8315,,EX,135,135,,,,,,,,,"Inventory Item","Finished Goods - Non Assembled"
PHSE-1239,9,,11.153,11.22,25.00,-10,,EX,135,135,,,,,,,,,"Inventory Item","Finished Goods - Non Assembled"
PHSE-1239,19,,11.14,11.22,25.00,4,,EX,135,135,,,,,,,,,"Inventory Item","Finished Goods - Non Assembled"
PLTA-1539,3,,2.79,2.79,6.50,176,,EX,135,135,,,,,,,,,"Inventory Item","Finished Goods - Green Eats"
PLTA-1539,9,,2.774,2.79,6.50,1,,EX,135,135,,,,,,,,,"Inventory Item","Finished Goods - Green Eats"
PLTB-1508,3,,2.79,2.79,6.50,2,,EX,135,135,,,,,,,,,"Inventory Item","Finished Goods - Green Eats"
PLTG-1510,3,,1.88,1.63,4.00,12,,EX,135,135,,,,,,,,,"Inventory Item","Finished Goods - Non Assembled"
PLTG-1553,3,,2.79,2.79,6.50,,,EX,135,135,,,,,,,,,"Inventory Item","Finished Goods - Green Eats"
PLTO-1547,3,,2.79,2.79,6.50,9,,EX,135,135,,,,,,,,,"Inventory Item","Finished Goods - Green Eats"
PLTY-1043,3,,1.95,1.95,5.00,,,EX,135,135,,,,,,,,,"Inventory Item","Finished Goods - Non Assembled"
PLTY-1548,3,,2.79,2.79,6.50,,,EX,135,135,,,,,,,,,"Inventory Item","Finished Goods - Green Eats"
PMVF-1081,2,,4.85,4.85,10.00,,,EX,135,135,,,,,,,,,"Inventory Item","Finished Goods - Non Assembled"
PMVF-1081,3,,4.85,4.85,10.00,,,EX,135,135,,,,,,,,,"Inventory Item","Finished Goods - Non Assembled"
PMVF-1081,8,,4.85,4.85,10.00,,,EX,135,135,,,,,,,,,"Inventory Item","Finished Goods - Non Assembled"
PMVF-1081,9,,4.85,4.85,10.00,3,,EX,135,135,,,,,,,,,"Inventory Item","Finished Goods - Non Assembled"
PTRB-1153,3,,3.179,3.18,7.50,903,,EX,135,135,,,,,,,,,"Inventory Item","Finished Goods - Non Assembled"
PTRB-1153,7,,3.336,3.18,7.50,712,,EX,135,135,,,,,,,,,"Inventory Item","Finished Goods - Non Assembled"
PTRB-1153,8,,3.18,3.18,7.50,,,EX,135,135,,,,,,,,,"Inventory Item","Finished Goods - Non Assembled"
PTRB-1153,9,,.142,3.18,7.50,143,,EX,135,135,,,,,,,,,"Inventory Item","Finished Goods - Non Assembled"
PZA1-1163,2,,2.96,2.96,6.50,,,EX,135,135,,,,,,,,,"Inventory Item","Finished Goods - Non Assembled"
PZA1-1163,3,,2.96,2.96,6.50,-12,,EX,135,135,,,,,,,,,"Inventory Item","Finished Goods - Non Assembled"
PZDT-1161,3,,3.69,2.96,6.50,-4,,EX,135,135,,,,,,,,,"Inventory Item","Finished Goods - Non Assembled"
PZDT-1161,7,,2.96,2.96,6.50,24,,EX,135,135,,,,,,,,,"Inventory Item","Finished Goods - Non Assembled"
PZDT-1161,9,,.447,2.96,6.50,106,,EX,135,135,,,,,,,,,"Inventory Item","Finished Goods - Non Assembled"
PZGA-1162,3,,2.94,2.94,6.50,6,,EX,135,135,,,,,,,,,"Inventory Item","Finished Goods - Non Assembled"
PZGA-1162,9,,.107,2.94,6.50,159,,EX,135,135,,,,,,,,,"Inventory Item","Finished Goods - Non Assembled"
PZTP-1160,3,,2.98,2.98,6.50,10,,EX,135,135,,,,,,,,,"Inventory Item","Finished Goods - Non Assembled"
PZTP-1160,9,,2.98,2.98,6.50,,,EX,135,135,,,,,,,,,"Inventory Item","Finished Goods - Non Assembled"
RACA-1509,2,,1.63,1.43,4.50,,,EX,135,135,,,,,,,,,"Inventory Item","Finished Goods - Non Assembled"
RACA-1509,3,,1.43,1.43,4.50,1,,EX,135,135,,,,,,,,,"Inventory Item","Finished Goods - Non Assembled"
RACA-1509,7,,1.43,1.43,4.50,97,,EX,135,135,,,,,,,,,"Inventory Item","Finished Goods - Non Assembled"
RACA-1509,9,,1.63,1.43,4.50,-12,,EX,135,135,,,,,,,,,"Inventory Item","Finished Goods - Non Assembled"
RACB-1479,2,,1.462,1.46,5.00,,,EX,135,135,,,,,,,,,"Inventory Item","Finished Goods - Non Assembled"
RACB-1479,3,,1.46,1.46,5.00,195,,EX,135,135,,,,,,,,,"Inventory Item","Finished Goods - Non Assembled"
RACB-1479,7,,1.48,1.46,5.00,24,,EX,135,135,,,,,,,,,"Inventory Item","Finished Goods - Non Assembled"
RACB-1479,9,,1.462,1.46,5.00,,,EX,135,135,,,,,,,,,"Inventory Item","Finished Goods - Non Assembled"
RACB-6XPK,2,,1.49,1.49,4.50,,,EX,135,135,,,,,,,,,"Inventory Item","Finished Goods - Non Assembled"
RACB-6XPK,3,,1.49,1.49,4.50,,,EX,135,135,,,,,,,,,"Inventory Item","Finished Goods - Non Assembled"
RACG-4H,2,,1.44,1.44,3.21,,,EX,135,135,,,,,,,,,"Inventory Item","Finished Goods - Non Assembled"
RACG-4H,3,,1.44,1.44,3.21,,,EX,135,135,,,,,,,,,"Inventory Item","Finished Goods - Non Assembled"
RACO-1035,3,,1.44,1.44,4.25,120,,EX,135,135,,,,,,,,,"Inventory Item","Finished Goods - Non Assembled"
RACP-1480,2,,1.466,1.46,5.00,,,EX,135,135,,,,,,,,,"Inventory Item","Finished Goods - Non Assembled"
RACP-1480,3,,1.46,1.46,5.00,291,,EX,135,135,,,,,,,,,"Inventory Item","Finished Goods - Non Assembled"
RACP-1480,7,,1.57,1.46,5.00,15,,EX,135,135,,,,,,,,,"Inventory Item","Finished Goods - Non Assembled"
RACP-1480,9,,1.466,1.46,5.00,,,EX,135,135,,,,,,,,,"Inventory Item","Finished Goods - Non Assembled"
RACP-6XPK,2,,1.49,1.49,4.50,,,EX,135,135,,,,,,,,,"Inventory Item","Finished Goods - Non Assembled"
RACP-6XPK,3,,1.49,1.49,4.50,,,EX,135,135,,,,,,,,,"Inventory Item","Finished Goods - Non Assembled"
RACR-1478,2,,1.446,1.46,5.00,,,EX,135,135,,,,,,,,,"Inventory Item","Finished Goods - Non Assembled"
RACR-1478,3,,1.46,1.46,5.00,303,,EX,135,135,,,,,,,,,"Inventory Item","Finished Goods - Non Assembled"
RACR-1478,7,,1.55,1.46,5.00,15,,EX,135,135,,,,,,,,,"Inventory Item","Finished Goods - Non Assembled"
RACR-1478,9,,1.446,1.46,5.00,4,,EX,135,135,,,,,,,,,"Inventory Item","Finished Goods - Non Assembled"
RACR-6XPK,2,,1.49,1.49,4.50,,,EX,135,135,,,,,,,,,"Inventory Item","Finished Goods - Non Assembled"
RACR-6XPK,3,,1.49,1.49,4.50,,,EX,135,135,,,,,,,,,"Inventory Item","Finished Goods - Non Assembled"
RACT-1008,2,,1.469,1.46,5.00,,,EX,135,135,,,,,,,,,"Inventory Item","Finished Goods - Non Assembled"
RACT-1008,3,,1.46,1.46,5.00,2597,,EX,135,135,,,,,,,,,"Inventory Item","Finished Goods - Non Assembled"
RACT-1008,7,,1.57,1.46,5.00,49,,EX,135,135,,,,,,,,,"Inventory Item","Finished Goods - Non Assembled"
RACT-1008,9,,1.469,1.46,5.00,-12,,EX,135,135,,,,,,,,,"Inventory Item","Finished Goods - Non Assembled"
RBH1-1155,2,,.913,7.60,17.50,8,,EX,,,,,,,,,,,"Assembly/Bill of Materials","Finished Goods - Assembled"
RBH1-1155,3,,7.571,7.60,17.50,7251,,EX,,,,,,,,,,,"Assembly/Bill of Materials","Finished Goods - Assembled"
RBH1-1155,7,,7.085,7.60,17.50,200,,EX,,,,,,,,,,,"Assembly/Bill of Materials","Finished Goods - Assembled"
RBH1-1155,9,,7.541,7.60,17.50,37,,EX,,,,,,,,,,,"Assembly/Bill of Materials","Finished Goods - Assembled"
RBH1-1155,12,,7.585,7.60,17.50,4700,,EX,,,,,,,,,,,"Assembly/Bill of Materials","Finished Goods - Assembled"
RCEL-1066,2,,2.58,2.58,6.50,19,,EX,135,135,,,,,,,,,"Inventory Item","Finished Goods - Non Assembled"
RCEL-1066,3,,2.58,2.58,6.50,16,,EX,135,135,,,,,,,,,"Inventory Item","Finished Goods - Non Assembled"
RCEL-1066,9,,3.926,2.58,6.50,-12,,EX,135,135,,,,,,,,,"Inventory Item","Finished Goods - Non Assembled"
RCEL-ASSY,3,,2.50,2.50,6.50,,,EX,135,135,,,,,,,,,"Inventory Item","Finished Goods - Non Assembled"
RCEL-ASSY,7,,2.50,2.50,6.50,,,EX,135,135,,,,,,,,,"Inventory Item","Finished Goods - Non Assembled"
RCPG-1067,2,,2.56,2.56,6.50,20,,EX,135,135,,,,,,,,,"Inventory Item","Finished Goods - Non Assembled"
RCPG-1067,3,,2.56,2.56,6.50,876,,EX,135,135,,,,,,,,,"Inventory Item","Finished Goods - Non Assembled"
RCPG-1067,7,,2.56,2.56,6.50,,,EX,135,135,,,,,,,,,"Inventory Item","Finished Goods - Non Assembled"
RCPG-1067,9,,2.56,2.56,6.50,,,EX,135,135,,,,,,,,,"Inventory Item","Finished Goods - Non Assembled"
RCSA-1069,2,,4.008,2.67,6.50,,,EX,135,135,,,,,,,,,"Inventory Item","Finished Goods - Non Assembled"
RCSA-1069,3,,3.787,2.67,6.50,1088,,EX,135,135,,,,,,,,,"Inventory Item","Finished Goods - Non Assembled"
RCSA-1069,9,,4.008,2.67,6.50,-60,,EX,135,135,,,,,,,,,"Inventory Item","Finished Goods - Non Assembled"
RCTR-1068,2,,2.49,2.49,6.50,20,,EX,135,135,,,,,,,,,"Inventory Item","Finished Goods - Non Assembled"
RCTR-1068,3,,2.49,2.49,6.50,1,,EX,135,135,,,,,,,,,"Inventory Item","Finished Goods - Non Assembled"
RCTR-1068,7,,2.49,2.49,6.50,,,EX,135,135,,,,,,,,,"Inventory Item","Finished Goods - Non Assembled"
RCTR-1068,9,,2.49,2.49,6.50,,,EX,135,135,,,,,,,,,"Inventory Item","Finished Goods - Non Assembled"
RKTA-1041,2,,4.04,3.98,12.50,4,,EX,135,135,,,,,,,,,"Inventory Item","Finished Goods - Non Assembled"
RKTA-1041,3,,4.04,3.98,12.50,9,,EX,135,135,,,,,,,,,"Inventory Item","Finished Goods - Non Assembled"
RKTA-1041,7,,3.76,3.98,12.50,5,,EX,135,135,,,,,,,,,"Inventory Item","Finished Goods - Non Assembled"
RKTA-1041,8,,4.04,3.98,12.50,,,EX,135,135,,,,,,,,,"Inventory Item","Finished Goods - Non Assembled"
RKTA-1041,9,,1.15,3.98,12.50,44,,EX,135,135,,,,,,,,,"Inventory Item","Finished Goods - Non Assembled"
RKTB-1039,2,,3.598,3.98,12.50,,,EX,135,135,,,,,,,,,"Inventory Item","Finished Goods - Non Assembled"
RKTB-1039,3,,3.76,3.98,12.50,155,,EX,135,135,,,,,,,,,"Inventory Item","Finished Goods - Non Assembled"
RKTB-1039,8,,4.064,3.98,12.50,,,EX,135,135,,,,,,,,,"Inventory Item","Finished Goods - Non Assembled"
RKTB-1039,9,,3.598,3.98,12.50,7,,EX,135,135,,,,,,,,,"Inventory Item","Finished Goods - Non Assembled"
RKTR-1040,2,,3.587,3.98,12.50,,,EX,135,135,,,,,,,,,"Inventory Item","Finished Goods - Non Assembled"
RKTR-1040,3,,3.721,3.98,12.50,613,,EX,135,135,,,,,,,,,"Inventory Item","Finished Goods - Non Assembled"
RKTR-1040,8,,3.587,3.98,12.50,,,EX,135,135,,,,,,,,,"Inventory Item","Finished Goods - Non Assembled"
RKTR-1040,9,,3.587,3.98,12.50,23,,EX,135,135,,,,,,,,,"Inventory Item","Finished Goods - Non Assembled"
RTK01R,2,,5.632,5.74,15.00,,,EX,135,135,,,,,,,,,"Inventory Item","Finished Goods - Non Assembled"
RTK01R,3,,5.63,5.74,15.00,3938,,EX,135,135,,,,,,,,,"Inventory Item","Finished Goods - Non Assembled"
RTK01R,7,,5.683,5.74,15.00,151,,EX,135,135,,,,,,,,,"Inventory Item","Finished Goods - Non Assembled"
RTK01R,9,,5.632,5.74,15.00,,,EX,135,135,,,,,,,,,"Inventory Item","Finished Goods - Non Assembled"
RTK01R,19,,5.64,5.74,15.00,6,,EX,135,135,,,,,,,,,"Inventory Item","Finished Goods - Non Assembled"
RTKGB-1291,3,,5.72,5.72,,4,,EX,135,135,,,,,,,,,"Inventory Item","Finished Goods - Non Assembled"
RTKGB-1291,8,,5.72,5.72,,,,EX,135,135,,,,,,,,,"Inventory Item","Finished Goods - Non Assembled"
SBBK-1187,3,,,,,,,EX,7397,7397,,,,,,,,,"Inventory Item","Fin Good"
SBLA-1532,3,,1.95,1.93,3.50,,,EX,135,135,,,,,,,,,"Inventory Item","Finished Goods - Green Eats"
SBLA-1532,9,,1.93,1.93,3.50,3,,EX,135,135,,,,,,,,,"Inventory Item","Finished Goods - Green Eats"
SBLB-2129,3,,1.95,1.93,3.50,,,EX,135,135,,,,,,,,,"Inventory Item","Finished Goods - Green Eats"
SBLG-2128,2,,1.93,1.93,3.50,,,EX,135,135,,,,,,,,,"Inventory Item","Finished Goods - Green Eats"
SBLG-2128,3,,1.95,1.93,3.50,,,EX,135,135,,,,,,,,,"Inventory Item","Finished Goods - Green Eats"
SBLG-2128,9,,1.93,1.93,3.50,16,,EX,135,135,,,,,,,,,"Inventory Item","Finished Goods - Green Eats"
SBLO-1533,2,,1.93,1.93,3.50,,,EX,135,135,,,,,,,,,"Inventory Item","Finished Goods - Green Eats"
SBLO-1533,3,,1.93,1.93,3.50,11,,EX,135,135,,,,,,,,,"Inventory Item","Finished Goods - Green Eats"
SBLY-2127,3,,1.93,1.93,3.50,,,EX,135,135,,,,,,,,,"Inventory Item","Finished Goods - Green Eats"
SBLY-2127,9,,1.93,1.93,3.50,,,EX,135,135,,,,,,,,,"Inventory Item","Finished Goods - Green Eats"
SCBK-1190,3,,6.478,6.40,12.50,1463,,EX,,,,,,,,,,,"Assembly/Bill of Materials","Finished Goods - Assembled"
SCDP-1270,3,,3.52,3.52,,,,EX,,,,,,,,,,,"Assembly/Bill of Materials","Finished Goods - Assembled"
SCHY-1009,2,,5.67,5.74,15.00,,,EX,135,135,,,,,,,,,"Inventory Item","Finished Goods - Non Assembled"
SCHY-1009,3,,5.634,5.74,15.00,1485,,EX,135,135,,,,,,,,,"Inventory Item","Finished Goods - Non Assembled"
SCHY-1009,5,,5.67,5.74,15.00,,,EX,135,135,,,,,,,,,"Inventory Item","Finished Goods - Non Assembled"
SCHY-1009,7,,5.83,5.74,15.00,128,,EX,135,135,,,,,,,,,"Inventory Item","Finished Goods - Non Assembled"
SCHY-1009,9,,5.67,5.74,15.00,-6,,EX,135,135,,,,,,,,,"Inventory Item","Finished Goods - Non Assembled"
SCHY-1009,19,,5.668,5.74,15.00,6,,EX,135,135,,,,,,,,,"Inventory Item","Finished Goods - Non Assembled"
SCHY-1009EC,3,,5.746,5.746,15.00,,,EX,135,135,,,,,,,,,"Inventory Item","Finished Goods - Non Assembled"
SEAA-1031,2,,3.902,4.03,11.00,,,EX,135,135,,,,,,,,,"Inventory Item","Finished Goods - Non Assembled"
SEAA-1031,3,,3.877,4.03,11.00,3061,,EX,135,135,,,,,,,,,"Inventory Item","Finished Goods - Non Assembled"
SEAA-1031,7,,3.97,4.03,11.00,105,,EX,135,135,,,,,,,,,"Inventory Item","Finished Goods - Non Assembled"
SEAA-1031,9,,3.902,4.03,11.00,-18,,EX,135,135,,,,,,,,,"Inventory Item","Finished Goods - Non Assembled"
SEAB-1086,3,,3.88,3.88,10.00,,,EX,135,135,,,,,,,,,"Inventory Item","Finished Goods - Non Assembled"
SEABW-1292,3,,4.17,4.17,,2,,EX,135,135,,,,,,,,,"Inventory Item","Finished Goods - Non Assembled"
SEAG-1029,2,,3.881,4.03,11.00,,,EX,135,135,,,,,,,,,"Inventory Item","Finished Goods - Non Assembled"
SEAG-1029,3,,3.88,4.03,11.00,5299,,EX,135,135,,,,,,,,,"Inventory Item","Finished Goods - Non Assembled"
SEAG-1029,7,,4.14,4.03,11.00,19,,EX,135,135,,,,,,,,,"Inventory Item","Finished Goods - Non Assembled"
SEAG-1029,8,,4.149,4.03,11.00,,,EX,135,135,,,,,,,,,"Inventory Item","Finished Goods - Non Assembled"
SEAG-1029,9,,3.881,4.03,11.00,,,EX,135,135,,,,,,,,,"Inventory Item","Finished Goods - Non Assembled"
SEAWB-1294,3,,4.17,4.17,,2,,EX,135,135,,,,,,,,,"Inventory Item","Finished Goods - Non Assembled"
SEAY-1030,2,,3.844,4.03,11.00,,,EX,135,135,,,,,,,,,"Inventory Item","Finished Goods - Non Assembled"
SEAY-1030,3,,3.854,4.03,11.00,8704,,EX,135,135,,,,,,,,,"Inventory Item","Finished Goods - Non Assembled"
SEAY-1030,7,,2.024,4.03,11.00,46,,EX,135,135,,,,,,,,,"Inventory Item","Finished Goods - Non Assembled"
SEAY-1030,8,,4.11,4.03,11.00,,,EX,135,135,,,,,,,,,"Inventory Item","Finished Goods - Non Assembled"
SEAY-1030,9,,3.844,4.03,11.00,,,EX,135,135,,,,,,,,,"Inventory Item","Finished Goods - Non Assembled"
SECA-1065,2,,3.977,3.95,11.00,,,EX,118,118,,,,,,,,,"Inventory Item","Finished Goods - Non Assembled"
SECA-1065,3,,3.95,3.95,11.00,875,,EX,118,118,,,,,,,,,"Inventory Item","Finished Goods - Non Assembled"
SECA-1065,7,,4.041,3.95,11.00,,,EX,118,118,,,,,,,,,"Inventory Item","Finished Goods - Non Assembled"
SECA-1065,9,,3.977,3.95,11.00,-6,,EX,118,118,,,,,,,,,"Inventory Item","Finished Goods - Non Assembled"
SECB-1063,2,,4.052,3.95,10.00,,,EX,118,118,,,,,,,,,"Inventory Item","Finished Goods - Non Assembled"
SECB-1063,3,,3.95,3.95,10.00,458,,EX,118,118,,,,,,,,,"Inventory Item","Finished Goods - Non Assembled"
SECB-1063,7,,4.02,3.95,10.00,719,,EX,118,118,,,,,,,,,"Inventory Item","Finished Goods - Non Assembled"
SECB-1063,9,,4.052,3.95,10.00,,,EX,118,118,,,,,,,,,"Inventory Item","Finished Goods - Non Assembled"
SECB-1063,13,,4.09,3.95,10.00,1853,,EX,118,118,,,,,,,,,"Inventory Item","Finished Goods - Non Assembled"
SECO-1064,2,,3.993,3.95,11.00,,,EX,118,118,,,,,,,,,"Inventory Item","Finished Goods - Non Assembled"
SECO-1064,3,,3.95,3.95,11.00,947,,EX,118,118,,,,,,,,,"Inventory Item","Finished Goods - Non Assembled"
SECO-1064,7,,3.972,3.95,11.00,1463,,EX,118,118,,,,,,,,,"Inventory Item","Finished Goods - Non Assembled"
SECO-1064,9,,3.993,3.95,11.00,-18,,EX,118,118,,,,,,,,,"Inventory Item","Finished Goods - Non Assembled"
SECO-1064,13,,4.084,3.95,11.00,,,EX,118,118,,,,,,,,,"Inventory Item","Finished Goods - Non Assembled"
SGCL-1112,2,,3.00,3.00,4.35,,,EX,135,135,,,,,,,,,"Inventory Item","Finished Goods - Non Assembled"
SGCL-1112,3,,3.00,3.00,4.35,,,EX,135,135,,,,,,,,,"Inventory Item","Finished Goods - Non Assembled"
SLDA-1013,3,,4.708,4.89,10.00,5,,EX,,,,,,,,,,,"Assembly/Bill of Materials","Finished Goods - Assembled"
SLDA-1013,9,,1.569,4.89,10.00,10,,EX,,,,,,,,,,,"Assembly/Bill of Materials","Finished Goods - Assembled"
SLDA2-1284,3,,4.894,4.89,10.00,804,,EX,,,,,,,,,,,"Assembly/Bill of Materials","Finished Goods - Assembled"
SLDA2-1284,5,,5.974,4.89,10.00,,,EX,,,,,,,,,,,"Assembly/Bill of Materials","Finished Goods - Assembled"
SND01R,3,,3.771,3.79,11.00,4079,,EX,,,,,,,,,,,"Assembly/Bill of Materials","Finished Goods - Assembled"
SND01R,5,,3.517,3.79,11.00,,,EX,,,,,,,,,,,"Assembly/Bill of Materials","Finished Goods - Assembled"
SND01R,7,,3.83,3.79,11.00,14,,EX,,,,,,,,,,,"Assembly/Bill of Materials","Finished Goods - Assembled"
SND01R,8,,3.781,3.79,11.00,,,EX,,,,,,,,,,,"Assembly/Bill of Materials","Finished Goods - Assembled"
SND01R,9,,3.777,3.79,11.00,-6,,EX,,,,,,,,,,,"Assembly/Bill of Materials","Finished Goods - Assembled"
SNDA-1024,2,,3.80,3.78,11.00,,,EX,,,,,,,,,,,"Assembly/Bill of Materials","Finished Goods - Assembled"
SNDA-1024,3,,3.80,3.78,11.00,632,,EX,,,,,,,,,,,"Assembly/Bill of Materials","Finished Goods - Assembled"
SNDA-1024,5,,3.801,3.78,11.00,,,EX,,,,,,,,,,,"Assembly/Bill of Materials","Finished Goods - Assembled"
SNDA-1024,7,,3.80,3.78,11.00,71,,EX,,,,,,,,,,,"Assembly/Bill of Materials","Finished Goods - Assembled"
SNDA-1024,9,,3.80,3.78,11.00,,,EX,,,,,,,,,,,"Assembly/Bill of Materials","Finished Goods - Assembled"
SNDB-1017,2,,3.47,3.78,11.00,,,EX,,,,,,,,,,,"Assembly/Bill of Materials","Finished Goods - Assembled"
SNDB-1017,3,,3.454,3.78,11.00,415,,EX,,,,,,,,,,,"Assembly/Bill of Materials","Finished Goods - Assembled"
SNDB-1017,5,,3.41,3.78,11.00,,,EX,,,,,,,,,,,"Assembly/Bill of Materials","Finished Goods - Assembled"
SNDB-1017,7,,3.67,3.78,11.00,33,,EX,,,,,,,,,,,"Assembly/Bill of Materials","Finished Goods - Assembled"
SNDB-1017,8,,3.753,3.78,11.00,,,EX,,,,,,,,,,,"Assembly/Bill of Materials","Finished Goods - Assembled"
SNDB-1017,9,,3.47,3.78,11.00,,,EX,,,,,,,,,,,"Assembly/Bill of Materials","Finished Goods - Assembled"
SNDP-1023,3,,3.909,3.80,11.00,1065,,EX,,,,,,,,,,,"Assembly/Bill of Materials","Finished Goods - Assembled"
SNDP-1023,5,,3.924,3.80,11.00,,,EX,,,,,,,,,,,"Assembly/Bill of Materials","Finished Goods - Assembled"
SNDP-1023,7,,3.81,3.80,11.00,32,,EX,,,,,,,,,,,"Assembly/Bill of Materials","Finished Goods - Assembled"
SNDP-1023,8,,3.781,3.80,11.00,,,EX,,,,,,,,,,,"Assembly/Bill of Materials","Finished Goods - Assembled"
SNDP-1023,9,,3.95,3.80,11.00,-12,,EX,,,,,,,,,,,"Assembly/Bill of Materials","Finished Goods - Assembled"
SPFY-2135,2,,.376,2.02,3.00,,,EX,135,135,,,,,,,,,"Inventory Item","Finished Goods - Green Eats"
SPFY-2135,3,,1.315,2.02,3.00,10,,EX,135,135,,,,,,,,,"Inventory Item","Finished Goods - Green Eats"
SPFY-2135,9,,.376,2.02,3.00,25,,EX,135,135,,,,,,,,,"Inventory Item","Finished Goods - Green Eats"
SPLA-2130,3,,2.39,2.39,3.50,166,,EX,135,135,,,,,,,,,"Inventory Item","Finished Goods - Green Eats"
SPLA-2130,9,,2.066,2.39,3.50,26,,EX,135,135,,,,,,,,,"Inventory Item","Finished Goods - Green Eats"
SPLB-2134,2,,2.39,2.39,3.50,,,EX,135,135,,,,,,,,,"Inventory Item","Finished Goods - Green Eats"
SPLB-2134,3,,2.39,2.39,3.50,12,,EX,135,135,,,,,,,,,"Inventory Item","Finished Goods - Green Eats"
SPLG-2133,3,,2.39,2.39,3.50,71,,EX,135,135,,,,,,,,,"Inventory Item","Finished Goods - Green Eats"
SPLG-2133,9,,1.749,2.39,3.50,26,,EX,135,135,,,,,,,,,"Inventory Item","Finished Goods - Green Eats"
SPLO-2131,3,,2.149,2.39,3.50,828,,EX,135,135,,,,,,,,,"Inventory Item","Finished Goods - Green Eats"
SPLY-2132,3,,1.70,2.39,3.50,24,,EX,135,135,,,,,,,,,"Inventory Item","Finished Goods - Green Eats"
SPLY-2132,9,,.669,2.39,3.50,37,,EX,135,135,,,,,,,,,"Inventory Item","Finished Goods - Green Eats"
SPNY-2136,2,,.239,.89,3.00,,,EX,135,135,,,,,,,,,"Inventory Item","Finished Goods - Green Eats"
SPNY-2136,3,,.977,.89,3.00,11,,EX,135,135,,,,,,,,,"Inventory Item","Finished Goods - Green Eats"
SPNY-2136,9,,.239,.89,3.00,34,,EX,135,135,,,,,,,,,"Inventory Item","Finished Goods - Green Eats"
SPS2-1224,3,,3.84,3.84,8.00,100,,EX,135,135,,,,,,,,,"Inventory Item","Finished Goods - Non Assembled"
SPSA-1036,2,,3.78,3.85,10.00,,,EX,135,135,,,,,,,,,"Inventory Item","Finished Goods - Non Assembled"
SPSA-1036,3,,3.78,3.85,10.00,1227,,EX,135,135,,,,,,,,,"Inventory Item","Finished Goods - Non Assembled"
SPSA-1036,7,,3.78,3.85,10.00,106,,EX,135,135,,,,,,,,,"Inventory Item","Finished Goods - Non Assembled"
SPSA-1036,9,,3.78,3.85,10.00,20,,EX,135,135,,,,,,,,,"Inventory Item","Finished Goods - Non Assembled"
SPSA-1036,14,,3.78,3.85,10.00,,,EX,135,135,,,,,,,,,"Inventory Item","Finished Goods - Non Assembled"
SPSL-1150,2,,3.78,3.78,10.00,,,EX,135,135,,,,,,,,,"Inventory Item","Finished Goods - Non Assembled"
SPSL-1150,3,,3.78,3.78,10.00,300,,EX,135,135,,,,,,,,,"Inventory Item","Finished Goods - Non Assembled"
SRWB-1185,3,,2.83,2.83,5.50,,,EX,135,135,,,,,,,,,"Inventory Item","Finished Goods - Non Assembled"
SSEA-1072,2,,17.92,4.48,12.50,,,EX,135,135,,,,,,,,,"Inventory Item","Finished Goods - Non Assembled"
SSEA-1072,3,,4.48,4.48,12.50,16,,EX,135,135,,,,,,,,,"Inventory Item","Finished Goods - Non Assembled"
SSEA-1072,8,,4.48,4.48,12.50,,,EX,135,135,,,,,,,,,"Inventory Item","Finished Goods - Non Assembled"
SSEA-1072,9,,17.92,4.48,12.50,-12,,EX,135,135,,,,,,,,,"Inventory Item","Finished Goods - Non Assembled"
SSUB-1073,2,,2.76,3.22,10.00,,,EX,135,135,,,,,,,,,"Inventory Item","Finished Goods - Non Assembled"
SSUB-1073,3,,3.22,3.22,10.00,6,,EX,135,135,,,,,,,,,"Inventory Item","Finished Goods - Non Assembled"
SSUB-1073,8,,3.22,3.22,10.00,,,EX,135,135,,,,,,,,,"Inventory Item","Finished Goods - Non Assembled"
SSUB-1073,9,,2.76,3.22,10.00,1,,EX,135,135,,,,,,,,,"Inventory Item","Finished Goods - Non Assembled"
STC2-1221,3,,2.85,2.85,4.40,207,,EX,135,135,,,,,,,,,"Inventory Item","Finished Goods - Non Assembled"
STCA-8586,2,,2.573,2.56,6.50,,,EX,135,135,,,,,,,,,"Inventory Item","Finished Goods - Non Assembled"
STCA-8586,3,,2.562,2.56,6.50,435,,EX,135,135,,,,,,,,,"Inventory Item","Finished Goods - Non Assembled"
STCA-8586,7,,2.62,2.56,6.50,100,,EX,135,135,,,,,,,,,"Inventory Item","Finished Goods - Non Assembled"
STCA-8586,9,,2.56,2.56,6.50,,,EX,135,135,,,,,,,,,"Inventory Item","Finished Goods - Non Assembled"
STCA-8586,14,,2.573,2.56,6.50,,,EX,135,135,,,,,,,,,"Inventory Item","Finished Goods - Non Assembled"
STCC-1279,3,,2.62,2.62,12.495,88,,EX,135,135,,,,,,,,,"Inventory Item","Finished Goods - Non Assembled"
STCL-1113,2,,3.00,3.00,4.35,,,EX,135,135,,,,,,,,,"Inventory Item","Finished Goods - Non Assembled"
STCL-1113,3,,3.00,3.00,4.35,,,EX,135,135,,,,,,,,,"Inventory Item","Finished Goods - Non Assembled"
STK01R,2,,2.896,3.21,7.50,,,EX,135,135,,,,,,,,,"Inventory Item","Finished Goods - Non Assembled"
STK01R,3,,3.00,3.21,7.50,1308,,EX,135,135,,,,,,,,,"Inventory Item","Finished Goods - Non Assembled"
STK01R,9,,2.896,3.21,7.50,47,,EX,135,135,,,,,,,,,"Inventory Item","Finished Goods - Non Assembled"
STK2-1223,3,,3.33,3.33,4.00,7,,EX,135,135,,,,,,,,,"Inventory Item","Finished Goods - Non Assembled"
STPA-1477,2,,6.53,6.53,15.00,,,EX,,,,,,,,,,,"Assembly/Bill of Materials","Finished Goods - Assembled"
STPA-1477,3,,6.56,6.53,15.00,,,EX,,,,,,,,,,,"Assembly/Bill of Materials","Finished Goods - Assembled"
STPA-1477,9,,6.53,6.53,15.00,10,,EX,,,,,,,,,,,"Assembly/Bill of Materials","Finished Goods - Assembled"
STPA2-1289,3,,6.285,6.53,15.00,126,,EX,,,,,,,,,,,"Assembly/Bill of Materials","Finished Goods - Assembled"
STPA2-1289,5,,6.285,6.53,15.00,,,EX,,,,,,,,,,,"Assembly/Bill of Materials","Finished Goods - Assembled"
STPSA2-1300,3,,,,,,,EX,,,,,,,S,,,,"Assembly/Bill of Materials","Finished Goods - Assembled"
STSA-8587,3,,3.78,3.54,8.50,,,EX,,,,,,,,,,,"Assembly/Bill of Materials","Finished Goods - Assembled"
STSA-8587,9,,3.54,3.54,8.50,19,,EX,,,,,,,,,,,"Assembly/Bill of Materials","Finished Goods - Assembled"
STSA2-1288,3,,2.82,3.54,10.00,53,,EX,,,,,,,,,,,"Assembly/Bill of Materials","Finished Goods - Assembled"
STSA2-1288,5,,2.818,3.54,10.00,,,EX,,,,,,,,,,,"Assembly/Bill of Materials","Finished Goods - Assembled"
STSA2-1288,8,,2.818,3.54,10.00,,,EX,,,,,,,,,,,"Assembly/Bill of Materials","Finished Goods - Assembled"
STSB-1181,3,,2.66,2.66,7.50,2122,,EX,135,135,,,,,,,,,"Inventory Item","Finished Goods - Non Assembled"
STSB-1181,7,,2.66,2.66,7.50,440,,EX,135,135,,,,,,,,,"Inventory Item","Finished Goods - Non Assembled"
STSB4-1181,3,,2.26,2.66,7.50,2,,EX,135,135,,,,,,,,,"Inventory Item","Finished Goods - Non Assembled"
STSB4-1181,7,,2.26,2.66,7.50,,,EX,135,135,,,,,,,,,"Inventory Item","Finished Goods - Non Assembled"
STUG-1180,2,,2.17,2.17,7.50,,,EX,118,118,,,,,,,,,"Inventory Item","Finished Goods - Non Assembled"
STUG-1180,3,,2.17,2.17,7.50,2636,,EX,118,118,,,,,,,,,"Inventory Item","Finished Goods - Non Assembled"
STUG-1180,7,,2.17,2.17,7.50,432,,EX,118,118,,,,,,,,,"Inventory Item","Finished Goods - Non Assembled"
STUG-1180,8,,2.17,2.17,7.50,,,EX,118,118,,,,,,,,,"Inventory Item","Finished Goods - Non Assembled"
STUG4-1180,3,,1.356,2.17,7.50,,,EX,118,118,,,,,,,,,"Inventory Item","Finished Goods - Non Assembled"
STUG4-1180,7,,2.17,2.17,7.50,,,EX,118,118,,,,,,,,,"Inventory Item","Finished Goods - Non Assembled"
STVA-1059,2,,3.896,4.03,10.00,9,,EX,135,135,,,,,,,,,"Inventory Item","Finished Goods - Non Assembled"
STVA-1059,3,,4.03,4.03,10.00,261,,EX,135,135,,,,,,,,,"Inventory Item","Finished Goods - Non Assembled"
STVP-1058,2,,4.092,4.10,10.00,,,EX,135,135,,,,,,,,,"Inventory Item","Finished Goods - Non Assembled"
STVP-1058,3,,4.10,4.10,10.00,1036,,EX,135,135,,,,,,,,,"Inventory Item","Finished Goods - Non Assembled"
STVP-1058,9,,4.092,4.10,10.00,2,,EX,135,135,,,,,,,,,"Inventory Item","Finished Goods - Non Assembled"
STVT-1057,3,,3.96,3.96,10.00,4,,EX,135,135,,,,,,,,,"Inventory Item","Finished Goods - Non Assembled"
STVT-1057,9,,1.98,3.96,10.00,4,,EX,135,135,,,,,,,,,"Inventory Item","Finished Goods - Non Assembled"
SUBA-1034,2,,1.593,2.04,7.50,,,EX,135,135,,,,,,,,,"Inventory Item","Finished Goods - Non Assembled"
SUBA-1034,3,,2.02,2.04,7.50,78,,EX,135,135,,,,,,,,,"Inventory Item","Finished Goods - Non Assembled"
SUBA-1034,7,,2.02,2.04,7.50,75,,EX,135,135,,,,,,,,,"Inventory Item","Finished Goods - Non Assembled"
SUBA-1034,8,,2.02,2.04,7.50,,,EX,135,135,,,,,,,,,"Inventory Item","Finished Goods - Non Assembled"
SUBA-1034,9,,1.593,2.04,7.50,41,,EX,135,135,,,,,,,,,"Inventory Item","Finished Goods - Non Assembled"
SUBB-1032,2,,2.022,2.04,7.50,,,EX,135,135,,,,,,,,,"Inventory Item","Finished Goods - Non Assembled"
SUBB-1032,3,,2.02,2.04,7.50,9648,,EX,135,135,,,,,,,,,"Inventory Item","Finished Goods - Non Assembled"
SUBB-1032,7,,2.059,2.04,7.50,496,,EX,135,135,,,,,,,,,"Inventory Item","Finished Goods - Non Assembled"
SUBB-1032,8,,2.05,2.04,7.50,,,EX,135,135,,,,,,,,,"Inventory Item","Finished Goods - Non Assembled"
SUBP-1135,3,,2.02,2.02,7.50,,,EX,135,135,,,,,,,,,"Inventory Item","Finished Goods - Non Assembled"
SUBY-1033,2,,2.028,2.04,7.50,,,EX,135,135,,,,,,,,,"Inventory Item","Finished Goods - Non Assembled"
SUBY-1033,3,,2.02,2.04,7.50,2032,,EX,135,135,,,,,,,,,"Inventory Item","Finished Goods - Non Assembled"
SUBY-1033,7,,2.05,2.04,7.50,792,,EX,135,135,,,,,,,,,"Inventory Item","Finished Goods - Non Assembled"
SUBY-1033,8,,2.039,2.04,7.50,,,EX,135,135,,,,,,,,,"Inventory Item","Finished Goods - Non Assembled"
SWB1-1174,3,,6.34,6.34,9.20,,,EX,,,,,,,,,,,"Assembly/Bill of Materials","Finished Goods - Assembled"
SWB2-1175,3,,6.596,6.87,9.20,376,,EX,,,,,,,,,,,"Assembly/Bill of Materials","Finished Goods - Assembled"
SWB3-1252,3,,4.864,5.035,9.20,,,EX,,,,,,,,,,,"Assembly/Bill of Materials","Finished Goods - Assembled"
SWB3-1252,5,,4.643,5.035,9.20,,,EX,,,,,,,,,,,"Assembly/Bill of Materials","Finished Goods - Assembled"
SWBS-1178,3,,2.66,2.66,4.00,,,EX,,,,,,,,,,,"Assembly/Bill of Materials","Finished Goods - Assembled"
SWD1-1176,3,,8.811,9.86,13.85,,,EX,,,,,,,,,,,"Assembly/Bill of Materials","Finished Goods - Assembled"
SWD2-1177,3,,7.225,8.98,13.85,2,,EX,,,,,,,,,,,"Assembly/Bill of Materials","Finished Goods - Assembled"
SWD3-1254,2,,8.97,9.307,20.00,,,EX,,,,,,,,,,,"Assembly/Bill of Materials","Finished Goods - Assembled"
SWD3-1254,3,,8.97,9.307,20.00,1,,EX,,,,,,,,,,,"Assembly/Bill of Materials","Finished Goods - Assembled"
SWD3-1254,5,,8.968,9.307,20.00,,,EX,,,,,,,,,,,"Assembly/Bill of Materials","Finished Goods - Assembled"
SWD3-1254,8,,9.918,9.307,20.00,,,EX,,,,,,,,,,,"Assembly/Bill of Materials","Finished Goods - Assembled"
SWD4-1253,3,,9.841,8.847,20.00,792,,EX,,,,,,,,,,,"Assembly/Bill of Materials","Finished Goods - Assembled"
SWD4-1253,5,,8.963,8.847,20.00,,,EX,,,,,,,,,,,"Assembly/Bill of Materials","Finished Goods - Assembled"
SWDB-1251,3,,4.006,3.832,7.50,558,,EX,,,,,,,,,,,"Assembly/Bill of Materials","Finished Goods - Assembled"
SWDB-1251,5,,4.006,3.832,7.50,,,EX,,,,,,,,,,,"Assembly/Bill of Materials","Finished Goods - Assembled"
SWDR-1169,3,,4.51,4.51,7.50,6,,EX,,,,,,,,,,,"Assembly/Bill of Materials","Finished Goods - Assembled"
SWRB-1171,3,,6.93,6.93,13.85,,,EX,,,,,,,,,,,"Assembly/Bill of Materials","Finished Goods - Assembled"
SWRB2-1266,3,,8.178,8.016,13.85,4,,EX,,,,,,,,,,,"Assembly/Bill of Materials","Finished Goods - Assembled"
SWRB2-1266,5,,8.178,8.016,13.85,,,EX,,,,,,,,,,,"Assembly/Bill of Materials","Finished Goods - Assembled"
SWSB-1172,3,,2.776,3.44,5.50,888,,EX,,,,,,,,,,,"Assembly/Bill of Materials","Finished Goods - Assembled"
SWSC-1170,3,,4.51,4.51,7.50,,,EX,,,,,,,,,,,"Assembly/Bill of Materials","Finished Goods - Assembled"
SWSC2-1265,2,,4.48,4.482,7.50,,,EX,,,,,,,,,,,"Assembly/Bill of Materials","Finished Goods - Assembled"
SWSC2-1265,3,,4.48,4.482,7.50,54,,EX,,,,,,,,,,,"Assembly/Bill of Materials","Finished Goods - Assembled"
SWSC2-1265,5,,4.48,4.482,7.50,,,EX,,,,,,,,,,,"Assembly/Bill of Materials","Finished Goods - Assembled"
SWSC2-1265,8,,4.486,4.482,7.50,,,EX,,,,,,,,,,,"Assembly/Bill of Materials","Finished Goods - Assembled"
SWSE-1173,3,,4.60,4.60,7.50,,,EX,,,,,,,,,,,"Assembly/Bill of Materials","Finished Goods - Assembled"
TBPA-1503,3,,4.605,4.73,6.50,4,,EX,135,135,,,,,,,,,"Inventory Item","Finished Goods - Green Eats"
TEA01R,2,,5.556,5.58,15.00,5,,EX,,,,,,,,,,,"Assembly/Bill of Materials","Finished Goods - Assembled"
TEA01R,3,,4.957,5.58,15.00,3425,,EX,,,,,,,,,,,"Assembly/Bill of Materials","Finished Goods - Assembled"
TEA01R,5,,4.956,5.58,15.00,,,EX,,,,,,,,,,,"Assembly/Bill of Materials","Finished Goods - Assembled"
TEA01R,7,,5.58,5.58,15.00,9,,EX,,,,,,,,,,,"Assembly/Bill of Materials","Finished Goods - Assembled"
TEA01R,8,,5.597,5.58,15.00,,,EX,,,,,,,,,,,"Assembly/Bill of Materials","Finished Goods - Assembled"
TEA01R,9,,.378,5.58,15.00,62,,EX,,,,,,,,,,,"Assembly/Bill of Materials","Finished Goods - Assembled"
TEA01R,19,,5.60,5.58,15.00,6,,EX,,,,,,,,,,,"Assembly/Bill of Materials","Finished Goods - Assembled"
TEAB-1074,2,,6.135,5.41,15.00,6,,EX,,,,,,,,,,,"Assembly/Bill of Materials","Finished Goods - Assembled"
TEAB-1074,3,,4.976,5.41,15.00,1262,,EX,,,,,,,,,,,"Assembly/Bill of Materials","Finished Goods - Assembled"
TEAB-1074,5,,4.976,5.41,15.00,,,EX,,,,,,,,,,,"Assembly/Bill of Materials","Finished Goods - Assembled"
TEAB-1074,9,,5.005,5.41,15.00,-6,,EX,,,,,,,,,,,"Assembly/Bill of Materials","Finished Goods - Assembled"
TFT3-1216,3,,3.907,5.36,10.00,3,,EX,,,,,,,,,,,"Assembly/Bill of Materials","Finished Goods - Assembled"
TFT3-1216,5,,3.907,5.36,10.00,,,EX,,,,,,,,,,,"Assembly/Bill of Materials","Finished Goods - Assembled"
TKBK-1188,3,,,,,,,EX,7397,7397,,,,,,,,,"Inventory Item","Fin Good"
TLSB-1019,3,,6.50,6.05,15.00,,,EX,,,,,,,,,,,"Assembly/Bill of Materials","Finished Goods - Assembled"
TLSB-1019,7,,6.519,6.05,15.00,13,,EX,,,,,,,,,,,"Assembly/Bill of Materials","Finished Goods - Assembled"
TLSB-1019,9,,1.73,6.05,15.00,36,,EX,,,,,,,,,,,"Assembly/Bill of Materials","Finished Goods - Assembled"
TLSB2-1286,2,,5.394,6.05,15.00,,,EX,,,,,,,,,,,"Assembly/Bill of Materials","Finished Goods - Assembled"
TLSB2-1286,3,,5.396,6.05,15.00,1421,,EX,,,,,,,,,,,"Assembly/Bill of Materials","Finished Goods - Assembled"
TLSB2-1286,7,,6.808,6.05,15.00,,,EX,,,,,,,,,,,"Assembly/Bill of Materials","Finished Goods - Assembled"
TLSB2-1286,19,,4.53,6.05,15.00,4,,EX,,,,,,,,,,,"Assembly/Bill of Materials","Finished Goods - Assembled"
TLSP-1011,3,,6.502,6.53,15.00,17,,EX,,,,,,,,,,,"Assembly/Bill of Materials","Finished Goods - Assembled"
TLSP-1011,9,,3.566,6.53,15.00,14,,EX,,,,,,,,,,,"Assembly/Bill of Materials","Finished Goods - Assembled"
TLSP2-1287,2,,5.616,6.53,15.00,,,EX,,,,,,,,,,,"Assembly/Bill of Materials","Finished Goods - Assembled"
TLSP2-1287,3,,5.618,6.53,15.00,3273,,EX,,,,,,,,,,,"Assembly/Bill of Materials","Finished Goods - Assembled"
TLSP2-1287,7,,6.403,6.53,15.00,,,EX,,,,,,,,,,,"Assembly/Bill of Materials","Finished Goods - Assembled"
TLSP2-1287,19,,4.53,6.53,15.00,4,,EX,,,,,,,,,,,"Assembly/Bill of Materials","Finished Goods - Assembled"
TNBK-1189,3,,9.25,9.25,17.50,,,EX,135,135,,,,,,,,,"Inventory Item","Finished Goods - Non Assembled"
TNBK-1189,9,,.841,9.25,17.50,44,,EX,135,135,,,,,,,,,"Inventory Item","Finished Goods - Non Assembled"
TPCL-1123,2,,1.96,1.96,3.75,,,EX,118,118,,,,,,,,,"Inventory Item","Finished Goods - Non Assembled"
TPCL-1123,3,,1.96,1.96,3.75,,,EX,118,118,,,,,,,,,"Inventory Item","Finished Goods - Non Assembled"
TRK1-1179,2,,.341,3.15,7.50,,,EX,135,135,,,,,,,,,"Inventory Item","Finished Goods - Non Assembled"
TRK1-1179,3,,3.00,3.15,7.50,5,,EX,135,135,,,,,,,,,"Inventory Item","Finished Goods - Non Assembled"
TRK1-1179,9,,.341,3.15,7.50,39,,EX,135,135,,,,,,,,,"Inventory Item","Finished Goods - Non Assembled"
TRNA-1056,2,,6.70,6.70,15.00,,,EX,135,135,,,,,,,,,"Inventory Item","Finished Goods - Non Assembled"
TRNA-1056,3,,6.70,6.70,15.00,,,EX,135,135,,,,,,,,,"Inventory Item","Finished Goods - Non Assembled"
TRNA-1056,7,,6.70,6.70,15.00,36,,EX,135,135,,,,,,,,,"Inventory Item","Finished Goods - Non Assembled"
TRNA-1056,9,,6.70,6.70,15.00,,,EX,135,135,,,,,,,,,"Inventory Item","Finished Goods - Non Assembled"
TRNB-1054,2,,6.629,6.70,15.00,,,EX,135,135,,,,,,,,,"Inventory Item","Finished Goods - Non Assembled"
TRNB-1054,3,,6.70,6.70,15.00,1948,,EX,135,135,,,,,,,,,"Inventory Item","Finished Goods - Non Assembled"
TRNB-1054,7,,4.909,6.70,15.00,127,,EX,135,135,,,,,,,,,"Inventory Item","Finished Goods - Non Assembled"
TRNB-1054,9,,6.629,6.70,15.00,-12,,EX,135,135,,,,,,,,,"Inventory Item","Finished Goods - Non Assembled"
TRNP-1055,2,,6.70,6.70,15.00,,,EX,135,135,,,,,,,,,"Inventory Item","Finished Goods - Non Assembled"
TRNP-1055,3,,6.70,6.70,15.00,1,,EX,135,135,,,,,,,,,"Inventory Item","Finished Goods - Non Assembled"
TRNRG-1293,3,,7.08,6.70,15.00,1332,,EX,135,135,,,,,,,,,"Inventory Item","Finished Goods - Non Assembled"
TRSA-1002,3,,12.24,12.24,21.00,,,EX,135,135,,,,,,,,,"Inventory Item","Finished Goods - Non Assembled"
TRTO-1042,2,,3.99,4.09,10.00,,,EX,135,135,,,,,,,,,"Inventory Item","Finished Goods - Non Assembled"
TRTO-1042,3,,4.09,4.09,10.00,1517,,EX,135,135,,,,,,,,,"Inventory Item","Finished Goods - Non Assembled"
TRTO-1042,7,,4.075,4.09,10.00,748,,EX,135,135,,,,,,,,,"Inventory Item","Finished Goods - Non Assembled"
TRTO-1042,8,,4.085,4.09,10.00,,,EX,135,135,,,,,,,,,"Inventory Item","Finished Goods - Non Assembled"
TRTO-1042,9,,4.085,4.09,10.00,,,EX,135,135,,,,,,,,,"Inventory Item","Finished Goods - Non Assembled"
TRTO4-1042,3,,4.09,4.09,10.00,4,,EX,135,135,,,,,,,,,"Inventory Item","Finished Goods - Non Assembled"
TRTO4-1042,7,,4.09,4.09,10.00,,,EX,135,135,,,,,,,,,"Inventory Item","Finished Goods - Non Assembled"
TRTP-1137,2,,3.99,3.99,10.00,,,EX,135,135,,,,,,,,,"Inventory Item","Finished Goods - Non Assembled"
TRTP-1137,3,,3.99,3.99,10.00,2424,,EX,135,135,,,,,,,,,"Inventory Item","Finished Goods - Non Assembled"
TRWB-1186,3,,2.11,2.11,7.50,,,EX,118,118,,,,,,,,,"Inventory Item","Finished Goods - Non Assembled"
TRYA-1540,3,,2.59,2.59,6.50,8,,EX,135,135,,,,,,,,,"Inventory Item","Finished Goods - Green Eats"
TRYB-1506,3,,2.348,2.59,6.50,8,,EX,135,135,,,,,,,,,"Inventory Item","Finished Goods - Green Eats"
TRYG-1543,3,,2.59,2.59,6.50,31,,EX,135,135,,,,,,,,,"Inventory Item","Finished Goods - Green Eats"
TRYO-1541,3,,2.237,2.59,6.50,360,,EX,135,135,,,,,,,,,"Inventory Item","Finished Goods - Green Eats"
TRYO-1541,9,,2.125,2.59,6.50,19,,EX,135,135,,,,,,,,,"Inventory Item","Finished Goods - Green Eats"
TRYY-1542,3,,2.59,2.59,6.50,8,,EX,135,135,,,,,,,,,"Inventory Item","Finished Goods - Green Eats"
TRYY-1542,9,,.592,2.59,6.50,27,,EX,135,135,,,,,,,,,"Inventory Item","Finished Goods - Green Eats"
TUG01R-A,2,,1.884,1.88,7.50,,,EX,118,118,,,,,,,,,"Inventory Item","Finished Goods - Non Assembled"
TUG01R-A,3,,1.88,1.88,7.50,2747,,EX,118,118,,,,,,,,,"Inventory Item","Finished Goods - Non Assembled"
TUG01R-A,7,,1.88,1.88,7.50,1191,,EX,118,118,,,,,,,,,"Inventory Item","Finished Goods - Non Assembled"
TUG01R-A,9,,1.884,1.88,7.50,-9,,EX,118,118,,,,,,,,,"Inventory Item","Finished Goods - Non Assembled"
TUG01R-B,2,,1.88,1.88,7.50,,,EX,118,118,,,,,,,,,"Inventory Item","Finished Goods - Non Assembled"
TUG01R-B,3,,1.88,1.88,7.50,7163,,EX,118,118,,,,,,,,,"Inventory Item","Finished Goods - Non Assembled"
TUG01R-B,7,,1.876,1.88,7.50,794,,EX,118,118,,,,,,,,,"Inventory Item","Finished Goods - Non Assembled"
TUG01R-B,8,,1.86,1.88,7.50,,,EX,118,118,,,,,,,,,"Inventory Item","Finished Goods - Non Assembled"
TUG01R-B,9,,1.88,1.88,7.50,,,EX,118,118,,,,,,,,,"Inventory Item","Finished Goods - Non Assembled"
TUG01R-R,2,,1.86,1.88,7.50,8,,EX,118,118,,,,,,,,,"Inventory Item","Finished Goods - Non Assembled"
TUG01R-R,3,,1.88,1.88,7.50,6080,,EX,118,118,,,,,,,,,"Inventory Item","Finished Goods - Non Assembled"
TUG01R-R,7,,1.878,1.88,7.50,1327,,EX,118,118,,,,,,,,,"Inventory Item","Finished Goods - Non Assembled"
TUG01R-R,8,,1.86,1.88,7.50,,,EX,118,118,,,,,,,,,"Inventory Item","Finished Goods - Non Assembled"
TUG01R-R,9,,1.88,1.88,7.50,,,EX,118,118,,,,,,,,,"Inventory Item","Finished Goods - Non Assembled"
TUG01R-Y,2,,1.88,1.88,7.50,,,EX,118,118,,,,,,,,,"Inventory Item","Finished Goods - Non Assembled"
TUG01R-Y,3,,1.88,1.88,7.50,3062,,EX,118,118,,,,,,,,,"Inventory Item","Finished Goods - Non Assembled"
TUG01R-Y,7,,1.88,1.88,7.50,1138,,EX,118,118,,,,,,,,,"Inventory Item","Finished Goods - Non Assembled"
TUG01R-Y,9,,1.88,1.88,7.50,,,EX,118,118,,,,,,,,,"Inventory Item","Finished Goods - Non Assembled"
TUG2-1222,3,,2.08,2.08,7.50,306,,EX,118,118,,,,,,,,,"Inventory Item","Finished Goods - Non Assembled"
TUMA-1535,3,,1.18,1.18,3.00,,,EX,135,135,,,,,,,,,"Inventory Item","Finished Goods - Green Eats"
TUMB-1504,2,,-.236,1.18,3.00,,,EX,135,135,,,,,,,,,"Inventory Item","Finished Goods - Green Eats"
TUMB-1504,3,,1.18,1.18,3.00,-4,,EX,135,135,,,,,,,,,"Inventory Item","Finished Goods - Green Eats"
TUMB-1504,9,,-.236,1.18,3.00,24,,EX,135,135,,,,,,,,,"Inventory Item","Finished Goods - Green Eats"
TUMG-1501,3,,1.18,1.18,3.00,3,,EX,135,135,,,,,,,,,"Inventory Item","Finished Goods - Green Eats"
TUMO-1557,3,,1.18,1.18,3.00,-3,,EX,135,135,,,,,,,,,"Inventory Item","Finished Goods - Green Eats"
TUMO-1557,9,,-.393,1.18,3.00,12,,EX,135,135,,,,,,,,,"Inventory Item","Finished Goods - Green Eats"
TUMY-1558,3,,1.18,1.18,3.00,12,,EX,135,135,,,,,,,,,"Inventory Item","Finished Goods - Green Eats"
WABO-1269,3,,6.28,6.28,12.50,590,,EX,118,118,,,,,,,,,"Inventory Item","Finished Goods - Non Assembled"
WAGO-1227,2,,6.28,6.28,12.50,,,EX,118,118,,,,,,,,,"Inventory Item","Finished Goods - Non Assembled"
WAGO-1227,3,,6.28,6.28,12.50,354,,EX,118,118,,,,,,,,,"Inventory Item","Finished Goods - Non Assembled"
WAGO-1227,9,,6.28,6.28,12.50,,,EX,118,118,,,,,,,,,"Inventory Item","Finished Goods - Non Assembled"
WAOB-1268,3,,6.28,6.28,12.50,592,,EX,118,118,,,,,,,,,"Inventory Item","Finished Goods - Non Assembled"
WDS1-1255,3,,11.481,12.214,25.00,,,EX,,,,,,,,,,,"Assembly/Bill of Materials","Finished Goods - Assembled"
WDS1-1255,5,,11.567,12.214,25.00,,,EX,,,,,,,,,,,"Assembly/Bill of Materials","Finished Goods - Assembled"
WDS1-1255,9,,12.214,12.214,25.00,,,EX,,,,,,,,,,,"Assembly/Bill of Materials","Finished Goods - Assembled"
WTCC-1267,3,,4.29,4.29,8.50,186,,EX,118,118,,,,,,,,,"Inventory Item","Finished Goods - Non Assembled"
WTCG-1111,2,,3.30,3.30,8.50,,,EX,118,118,,,,,,,,,"Inventory Item","Finished Goods - Non Assembled"
WTCG-1111,3,,3.30,3.30,8.50,9355,,EX,118,118,,,,,,,,,"Inventory Item","Finished Goods - Non Assembled"
WTCG-1111,8,,3.332,3.30,8.50,,,EX,118,118,,,,,,,,,"Inventory Item","Finished Goods - Non Assembled"
WTCG-1111,9,,3.30,3.30,8.50,,,EX,118,118,,,,,,,,,"Inventory Item","Finished Goods - Non Assembled"
WTCG-1111,19,,3.30,3.30,8.50,6,,EX,118,118,,,,,,,,,"Inventory Item","Finished Goods - Non Assembled"
WTCT-1256,3,,2.94,3.684,6.50,48,,EX,118,118,,,,,,,,,"Inventory Item","Finished Goods - Non Assembled"
ZB01-1093,3,,4.44,5.01,11.25,,,EX,,,,,,,,,,,"Assembly/Bill of Materials","Finished Goods - Assembled"
ZB03-1095,3,,7.89,7.75,12.25,-8,,EX,,,,,,,,,,,"Assembly/Bill of Materials","Finished Goods - Assembled"
ZB04-1096,3,,11.22,11.14,18.55,-10,,EX,,,,,,,,,,,"Assembly/Bill of Materials","Finished Goods - Assembled"
ZB07-1139,3,,1.41,11.11,19.60,1,,EX,,,,,,,,,,,"Assembly/Bill of Materials","Finished Goods - Assembled"
ZB08-1140,3,,9.45,9.45,14.66,,,EX,,,,,,,,,,,"Assembly/Bill of Materials","Finished Goods - Assembled"
ZB09-1141,3,,6.335,6.89,10.85,-2,,EX,,,,,,,,,,,"Assembly/Bill of Materials","Finished Goods - Assembled"
ZB09-1141,14,,.55,6.89,10.85,,,EX,,,,,,,,,,,"Assembly/Bill of Materials","Finished Goods - Assembled"
ZB10-1142,3,,3.47,3.47,5.51,-21,,EX,,,,,,,,,,,"Assembly/Bill of Materials","Finished Goods - Assembled"
ZB11-1273,3,,11.10,11.10,20.46,,,EX,,,,,,,,,,,"Assembly/Bill of Materials","Finished Goods - Assembled"
ZB12-1274,3,,12.745,12.75,21.73,,,EX,,,,,,,,,,,"Assembly/Bill of Materials","Finished Goods - Assembled"
ZB13-1275,3,,8.464,8.46,15.13,,,EX,,,,,,,,,,,"Assembly/Bill of Materials","Finished Goods - Assembled"
ZB14-1276,3,,10.933,10.99,20.17,,,EX,,,,,,,,,,,"Assembly/Bill of Materials","Finished Goods - Assembled"
ZB15-2991,3,,,,14.00,,,EX,,,,,,,,,,,"Assembly/Bill of Materials","Finished Goods - Assembled"